Section,Site,Treatment,Plot,Spp_Code,Herbicide,Date_collected,Date_recorded,Recorder,Scale,Rep,Paper_w_sample,Paper_bag_g,Biomass_g,Comments
S2,TIMH,TIL,1,CEFO,N,2021-07-02,2021-07-08,GX,S,1,38.34,8.84,29.5,
S2,TIMH,TIL,3,CHAL,N,2021-07-02,2021-07-08,GX,S,1,15.96,8.84,7.12,
S2,TIMH,TIL,1,COAR,N,2021-07-02,2021-07-12,MM,S,1,12.04,8.84,3.2,
S2,TIMH,TIL,1,DACA,N,2021-07-02,2021-07-12,MM,M,1,-,-,0.466,
S2,TIMH,TIL,1,ECCR,N,2021-07-02,2021-07-08,GX,M,1,-,-,1.243,
S2,TIMH,TIL,1,FRVI,N,2021-07-02,2021-07-12,MM,M,1,-,-,0.23,
S2,TIMH,TIL,1,MELU,N,2021-07-02,2021-07-12,MM,S,1,14.8,8.84,5.96,
S2,TIMH,TIL,1,MOFI,N,2021-07-02,2021-07-12,GX,S,1,-,-,0.128,
S2,TIMH,TIL,1,OEBI,N,2021-07-02,2021-07-08,GX,S,1,16.89,8.84,8.05,
S2,TIMH,TIL,1,OXST,N,2021-07-02,2021-07-09,GX,M,1,-,-,0.14,
S2,TIMH,TIL,1,PACA,N,2021-07-02,2021-07-08,GX,S,1,-,-,0.262,
S2,TIMH,TIL,1,PACA,N,2021-07-02,2021-07-08,GX,M,2,27.68,8.84,18.84,
S2,TIMH,TIL,1,PLMA,N,2021-07-02,2021-07-12,MM,M,1,-,-,0.948,
S2,TIMH,TIL,1,RUHI,N,2021-07-02,2021-07-12,MM,M,1,-,-,0.077,
S2,TIMH,TIL,1,SEVI,N,2021-07-02,2021-07-08,GX,S,1,18.3,8.84,9.46,
S2,TIMH,TIL,11,SP10,N,2021-07-02,2021-07-08,GX,M,1,-,-,0.431,
S2,TIMH,TIL,1,BESP,N,2021-07-02,2021-07-08,GX,M,1,-,-,2.406,"Originally labeled as ""SP16"" but relabeled as ""BESY"" (Bellis sylvestris)"
S2,TIMH,TIL,1,VEST,N,2021-07-02,2021-07-12,MM,S,1,9.92,8.84,1.08,"Orginally labeled as ""HEST"" but re-labeled as ""VEST"" (GX)"
S2,TIMH,TIL,3,PEGL,N,2021-07-05,2021-07-12,GX,S,1,26.79,9.14,17.65,
S2,TIMH,TIL,3,HEHE,N,2021-07-05,2021-07-12,GX,M,1,-,-,0.318,"Originally labeled as ""SP24"" but labeled as ""HEHE"" (Heliopsis helianthoides) (GX)"
S2,TIMH,TIL,3,BESP,N,2021-07-05,2021-07-12,GX,S,1,-,-,0.25,"Originally labeled as ""SP16"" but relabeled as ""BESY"" (Bellis sylvestris)"
S2,TIMH,TIL,3,PLMA,N,2021-07-05,2021-07-12,GX,S,1,26.02,8.84,17.18,
S2,TIMH,TIL,3,POAV,N,2021-07-05,2021-07-12,GX,S,1,38.98,8.84,30.14,"Originally mislabeled as ""POAI"" (GX)"
S2,TIMH,TIL,3,ECCR,N,2021-07-05,2021-07-12,GX,S,1,87.64,8.84,78.8,
S2,TIMH,TIL,3,AVSA,N,2021-07-05,2021-07-12,GX,S,1,38.29,8.84,29.45,
S2,TIMH,TIL,3,SOAR,N,2021-07-05,2021-07-12,GX,S,1,18.68,8.84,9.84,
S2,TIMH,TIL,3,RUHI,N,2021-07-05,2021-07-12,GX,S,1,12.75,8.84,3.91,
S2,TIMH,TIL,3,AMAR,N,2021-07-05,2021-07-12,GX,S,1,27.9,8.84,19.06,
S2,TIMH,TIL,3,DACA,N,2021-07-05,2021-07-12,GX,M,1,-,-,0.862,
S2,TIMH,TIL,3,CHAL,N,2021-07-05,2021-07-12,GX,S,1,31.21,8.84,22.37,
S2,TIMH,TIL,3,OEBI,N,2021-07-05,2021-07-12,GX,S,1,71.08,8.84,62.24,
S2,TIMH,TIL,3,MOFI,N,2021-07-05,2021-07-12,GX,M,1,-,-,1.231,
S2,TIMH,TIL,3,OXST,N,2021-07-05,2021-07-12,GX,S,1,11.06,8.84,2.22,
S2,VICP,TIL,23,ACNE,N,2021-07-01,2021-07-09,GX,M,1,-,-,0.08,
S2,VICP,TIL,11,AGST,N,2021-06-29,2021-07-08,GX,M,1,-,-,1.329,
S2,TIMH,TIL,3,TRPR,N,2021-07-05,2021-07-12,GX,S,1,10.6,8.84,1.76,
S2,TIMH,TIL,3,MELU,N,2021-07-05,2021-07-12,GX,S,1,12.01,8.84,3.17,
S2,TIMH,TIL,13,SP10,N,2021-07-05,2021-07-12,GX,S,1,-,-,0.492,
S2,TIMH,TIL,3,SIAL,N,2021-07-05,2021-07-12,GX,S,1,347.74,46.21,301.53,
S2,TIMH,TIL,3,SOSP,N,2021-07-05,2021-07-12,MM,S,1,15.09,8.84,6.25,
S2,TIMH,TIL,3,CHGL,N,2021-07-05,2021-07-12,MM,S,1,62.7,27.646,35.054,"Mislabelled as ""CHEL"" (GX)"
S2,TIMH,TIL,3,FRVI,N,2021-07-05,2021-07-24,GX,S,1,-,-,0.321,
S2,VICP,TIL,23,AGST,N,2021-07-01,2021-07-09,GX,M,1,-,-,0.279,
S2,VICP,TIL,23,AGST,N,2021-07-01,2021-07-12,MM,S,2,22.15,8.84,13.31,
S2,VICP,TIL,25,AGST,N,2021-07-01,2021-07-09,GX,M,1,-,-,0.75,
S2,VICP,TIL,25,AGST,N,2021-07-01,2021-07-09,GX,M,2,-,-,0.238,
S2,VICP,TIL,13,ASSY,N,2021-06-29,2021-07-12,GX,M,1,-,-,0.055,
S2,VICP,TIL,23,ASSY,N,2021-07-01,2021-07-09,GX,M,1,-,-,0.135,
S2,VICP,TIL,25,ASSY,N,2021-07-01,2021-07-09,GX,M,1,-,-,0.077,
S2,VICP,TIL,11,AVSA,N,2021-06-29,2021-07-12,MM,M,1,-,-,0.343,"Renamed from ""AVST"" to ""AVSA"""
S2,VICP,TIL,13,AVSA,N,2021-06-29,2021-07-12,MM,S,1,17.18,8.84,8.34,"Renamed from ""AVST"" to ""AVSA"""
S2,VICP,TIL,13,AVSA,N,2021-06-29,2021-07-12,MM,S,2,9.75,8.84,0.91,"Renamed from ""AVST"" to ""AVSA"""
S2,VICP,TIL,15,BRIN,N,2021-06-28,2021-07-12,GX,M,1,-,-,0.698,
S2,VICP,TIL,13,BRTE,N,2021-06-29,2021-07-12,GX,M,1,-,-,0.107,
S2,VICP,TIL,1,CEFO,N,2021-06-28,2021-07-02,KN,M,1,-,-,0.265,
S2,VICP,TIL,3,CEFO,N,2021-06-28,2021-07-12,GX,M,1,-,-,1.121,
S2,VICP,TIL,5,CEFO,N,2021-06-28,2021-07-02,MM,S,1,179.22,27.646,151.574,
S2,VICP,TIL,11,CEFO,N,2021-06-29,2021-07-02,MM,S,1,72.63,27.646,44.984,
S2,VICP,TIL,13,CEFO,N,2021-06-29,2021-07-02,MM,S,1,39.92,8.84,31.08,
S2,VICP,TIL,21,CEFO,N,2021-06-28,2021-07-02,MM,S,1,180.33,27.646,152.684,
S2,VICP,TIL,21,CEFO,N,2021-06-29,2021-07-02,MM,S,1,92.43,27.646,64.784,
S2,VICP,TIL,23,CEFO,N,2021-07-01,2021-07-12,MM,S,1,143.54,27.646,115.894,
S2,VICP,TIL,25,CEFO,N,2021-07-01,2021-07-08,GX,S,1,347,27.646,319.354,
S2,VICP,TIL,5,CHAL,N,2021-06-28,2021-07-02,MM,S,1,53.03,27.646,25.384,
S2,VICP,TIL,13,CHAL,N,2021-06-29,2021-07-12,GX,M,1,-,-,0.353,
S2,VICP,TIL,15,CHAL,N,2021-06-28,2021-07-02,MM,S,1,46.89,27.646,19.244,
S2,VICP,TIL,21,CHAL,N,2021-06-29,2021-07-02,MM,S,1,117.94,27.646,90.294,
S2,VICP,TIL,1,DACA,N,2021-06-28,2021-07-12,MM,M,1,-,-,0.986,
S2,VICP,TIL,5,DACA,N,2021-06-28,2021-07-12,MM,S,1,-,-,0.547,
S2,VICP,TIL,11,DACA,N,2021-06-29,2021-07-12,MM,M,1,-,-,0.593,
S2,VICP,TIL,13,DACA,N,2021-06-29,2021-07-02,MM,S,1,15.42,8.84,6.58,
S2,TIMH,TIL,3,VEST,N,2021-07-05,2021-07-24,GX,S,1,-,-,5.231,
S2,VICP,TIL,21,DACA,N,2021-06-29,2021-07-02,MM,S,1,13.82,8.84,4.98,
S2,VICP,TIL,23,DACA,N,2021-07-01,2021-07-09,GX,M,1,-,-,0.03,
S2,TIMH,TIL,3,TAOF,N,2021-07-05,2021-07-24,GX,S,1,-,-,2.614,
S2,VICP,TIL,1,ECCR,N,2021-06-28,2021-07-12,MM,S,1,10.03,8.84,1.19,
S2,TIMH,TIL,3,COCA,N,2021-07-05,2021-07-24,GX,S,1,-,-,0.49,
S2,TIMH,TIL,5,ACNE,N,2021-07-06,2021-07-12,GX,M,1,-,-,0.44,
S2,TIMH,TIL,5,ASSY,N,2021-07-06,2021-07-12,GX,M,1,-,-,0.354,"Missing site name, but inferred from collected date (GX)"
S2,VICP,TIL,3,ECCR,N,2021-06-28,2021-07-12,GX,M,1,-,-,0.9,
S2,TIMH,TIL,5,AVSA,N,2021-07-06,2021-07-24,GX,M,1,14.11,8.84,5.27,
S2,TIMH,TIL,5,BRIN,N,2021-07-06,2021-07-12,GX,M,1,-,-,0.784,
S2,TIMH,TIL,5,CEFO,N,2021-07-06,2021-07-24,GX,M,1,24.73,8.84,15.89,
S2,TIMH,TIL,5,COAR,N,2021-07-06,2021-07-24,GX,M,1,78.81,8.84,69.97,
S2,TIMH,TIL,5,ECCR,N,2021-07-06,2021-07-12,GX,S,1,11.69,8.84,2.85,
S2,TIMH,TIL,5,FRVI,N,2021-07-06,2021-07-24,GX,S,1,-,-,0.273,
S2,TIMH,TIL,5,LOPE,N,2021-07-06,2021-07-12,GX,M,1,-,-,1.223,
S2,TIMH,TIL,5,MOFI,N,2021-07-06,2021-07-24,GX,S,1,-,-,1.958,
S2,TIMH,TIL,5,OEBI,N,2021-07-06,2021-07-24,GX,M,1,88.05,27.646,60.404,
S2,TIMH,TIL,5,OXST,N,2021-07-06,2021-07-24,GX,S,1,-,-,4.944,
S2,TIMH,TIL,5,PEGL,N,2021-07-06,2021-07-12,GX,M,1,-,-,0.625,
S2,VICP,TIL,3,ECCR,N,2021-06-28,2021-07-12,MM,M,2,-,-,0.432,
S2,VICP,TIL,5,ECCR,N,2021-06-28,2021-07-12,MM,S,1,13.19,8.84,4.35,
S2,VICP,TIL,11,ECCR,N,2021-06-29,2021-07-12,GX,M,1,-,-,0.624,
S2,VICP,TIL,13,ECCR,N,2021-06-29,2021-07-12,MM,S,1,15.57,8.84,6.73,
S2,VICP,TIL,15,ECCR,N,2021-06-28,2021-07-12,MM,S,1,11.34,8.84,2.5,
S2,VICP,TIL,21,ECCR,N,2021-06-29,2021-07-12,MM,S,1,11.05,8.84,2.21,
S2,VICP,TIL,21,ECCR,N,2021-06-29,2021-07-12,MM,S,2,12.79,8.84,3.95,
S2,VICP,TIL,23,ECCR,N,2021-07-01,2021-07-08,GX,S,1,14.45,8.84,5.61,
S2,VICP,TIL,23,ECCR,N,2021-07-01,2021-07-09,GX,M,2,-,-,0.503,
S2,VICP,TIL,23,ECCR,N,2021-07-01,2021-07-12,MM,S,3,15.45,8.84,6.61,
S2,VICP,TIL,25,ECCR,N,2021-07-01,2021-07-08,GX,S,1,32.6,8.84,23.76,
S2,TIMH,TIL,5,RUHI,N,2021-07-06,2021-07-24,GX,M,1,15.3,8.84,6.46,
S2,TIMH,TIL,5,SEVI,N,2021-07-06,2021-07-24,GX,M,1,14.28,8.84,5.44,
S2,TIMH,TIL,5,SIAL,N,2021-07-06,2021-07-24,GX,M,1,64.64,8.84,55.8,
S2,TIMH,TIL,5,SOSP,N,2021-07-06,2021-07-24,GX,S,1,-,-,2.286,
S2,TIMH,TIL,21,SP10,N,2021-07-01,2021-07-12,MM,M,1,-,-,0.546,
S2,KENN,TIL,1,MOFI,N,2021-07-07,2021-07-24,GX,S,1,-,-,0.029,
S2,TIMH,TIL,25,SP10,N,2021-07-05,2021-07-12,GX,S,1,-,-,0.772,
S2,KENN,TIL,15,AVSA,N,2021-07-09,2021-07-24,GX,M,1,20.21,8.84,11.37,
S2,TIMH,TIL,5,TAOF,N,2021-07-06,2021-07-24,GX,M,1,12.74,8.84,3.9,
S2,VICP,TIL,25,ECCR,N,2021-07-01,2021-07-09,GX,M,2,-,-,0.244,
S2,VICP,TIL,25,ECCR,N,2021-07-01,2021-07-12,MM,S,3,14.04,8.84,5.2,
S2,TIMH,TIL,5,TRPR,N,2021-07-06,2021-07-24,GX,M,1,23.48,8.84,14.64,
S2,VICP,TIL,3,ELHY,N,2021-06-28,2021-07-12,MM,S,1,12.52,8.84,3.68,
S2,TIMH,TIL,5,VEST,N,2021-07-06,2021-07-12,GX,M,1,-,-,0.065,
S2,TIMH,TIL,5,VEST,N,2021-07-06,2021-07-24,GX,M,2,22.59,8.84,13.75,
S2,TIMH,TIL,11,SP41,N,2021-07-02,2021-07-12,MM,M,1,-,-,1.317,unidenfitied grass seedling
S2,TIMH,TIL,11,CEFO,N,2021-07-02,2021-07-09,GX,M,1,-,-,0.601,
S2,TIMH,TIL,11,VEST,N,2021-07-02,2021-07-09,GX,M,1,-,-,2.479,
S2,TIMH,TIL,11,AGST,N,2021-07-02,2021-07-08,GX,S,1,14.62,8.84,5.78,
S2,TIMH,TIL,11,AVSA,N,2021-07-02,2021-07-08,GX,S,1,20.96,8.84,12.12,
S2,TIMH,TIL,11,COCA,N,2021-07-02,2021-07-08,GX,M,1,-,-,0.277,
S2,TIMH,TIL,11,DACA,N,2021-07-02,2021-07-12,MM,S,1,13.3,8.84,4.46,
S2,TIMH,TIL,11,FRVI,N,2021-07-02,2021-07-08,GX,M,1,-,-,0.173,
S2,TIMH,TIL,11,FRVI,N,2021-07-02,2021-07-12,MM,M,2,-,-,0.276,
S2,TIMH,TIL,11,LOPE,N,2021-07-02,2021-07-08,GX,M,1,-,-,1.405,
S2,VICP,TIL,15,ELHY,N,2021-06-28,2021-07-02,KN,M,1,-,-,0.497,
S2,TIMH,TIL,11,MELU,N,2021-07-02,2021-07-12,MM,S,1,32.54,8.84,23.7,
S2,TIMH,TIL,11,MOFI,N,2021-07-02,2021-07-08,GX,M,1,-,-,0.292,
S2,TIMH,TIL,11,OEBI,N,2021-07-02,2021-07-12,MM,S,1,16.26,8.84,7.42,
S2,TIMH,TIL,11,OXST,N,2021-07-02,2021-07-12,MM,S,1,13.48,8.84,4.64,
S2,VICP,TIL,15,FRVI,N,2021-06-28,2021-07-12,GX,M,1,-,-,0.363,
S2,VICP,TIL,11,SP40,N,2021-06-29,2021-07-12,MM,M,1,-,-,0.2,"grass seedling, had hairs around the stem and ligule; code name (fuzzygrass)"
S2,TIMH,TIL,11,PACA,N,2021-07-02,2021-07-08,GX,M,1,-,-,1.023,
S2,VICP,TIL,13,SP40,N,2021-06-29,2021-07-12,MM,M,1,-,-,0.094,
S2,TIMH,TIL,11,RUHI,N,2021-07-02,2021-07-08,GX,S,1,22.24,8.84,13.4,
S2,TIMH,TIL,11,SEVI,N,2021-07-02,2021-07-08,GX,S,1,32.1,8.84,23.26,
S2,TIMH,TIL,11,SOSP,N,2021-07-02,2021-07-08,GX,M,1,-,-,0.876,
S2,TIMH,TIL,25,SP10,N,2021-07-05,2021-07-12,GX,M,2,-,-,0.371,red edges (GX)
S2,VICP,TIL,13,SP41,N,2021-06-29,2021-07-12,MM,S,1,9.21,8.84,0.37,unidenfitied grass seedling
S2,VICP,TIL,23,SP11,N,2021-07-01,2021-07-09,GX,M,1,-,-,0.091,
S2,VICP,TIL,21,SP41,N,2021-06-29,2021-07-12,MM,M,1,-,-,0.206,unidenfitied grass seedling
S2,VICP,TIL,25,SP11,N,2021-07-01,2021-07-09,GX,M,1,-,-,0.073,
S2,TIMH,TIL,11,ACSA,N,2021-07-02,2021-07-08,GX,M,1,-,-,0.322,"Originally labeled as ""SP14"" but relabeled as ""ACSA"" for Acer saccharum seedling (GX)"
S2,VICP,TIL,11,LIVU,N,2021-06-29,2021-07-12,MM,M,1,-,-,0.171,
S2,TIMH,TIL,11,VEOF,N,2021-07-02,2021-07-08,GX,M,1,-,-,0.571,"Originally labeled as ""SP15"" but labeled as ""VEOF"" (Veronica officinalis)"
S2,TIMH,TIL,11,VEOF,N,2021-07-02,2021-07-08,GX,M,2,-,-,0.31,"Originally labeled as ""SP15"" but labeled as ""VEOF"" (Veronica officinalis)"
S2,VICP,TIL,1,MELU,N,2021-06-28,2021-07-02,MM,S,1,136.18,27.646,108.534,
S2,TIMH,TIL,11,BESP,N,2021-07-02,2021-07-08,GX,M,1,-,-,1.796,"Originally labeled as ""SP16"" but relabeled as ""BESY"" (Bellis sylvestris)"
S2,VICP,TIL,3,MELU,N,2021-06-28,2021-07-02,MM,S,1,106.93,27.646,79.284,
S2,VICP,TIL,25,SP11,N,2021-07-01,2021-07-12,MM,M,2,-,-,0.037,
S2,VICP,TIL,5,MELU,N,2021-06-28,2021-07-02,MM,S,1,99.1,27.646,71.454,
S2,TIMH,TIL,11,TAOF,N,2021-07-02,2021-07-09,GX,M,1,-,-,0.178,
S2,TIMH,TIL,11,TRPR,N,2021-07-02,2021-07-08,GX,S,1,14.07,8.84,5.23,
S2,TIMH,TIL,13,ACNE,N,2021-07-05,2021-07-12,MM,S,1,11.42,8.84,2.58,
S2,VICP,TIL,11,MELU,N,2021-06-29,2021-07-02,MM,S,1,90.55,27.646,62.904,
S2,VICP,TIL,13,MELU,N,2021-06-29,2021-07-02,MM,M,1,212.37,27.646,184.724,
S2,VICP,TIL,15,MELU,N,2021-06-28,2021-07-02,MM,S,1,121.76,27.646,94.114,
S2,TIMH,TIL,13,AGST,N,2021-07-05,2021-07-12,GX,S,1,12.72,8.84,3.88,
S2,VICP,TIL,21,MELU,N,2021-06-29,2021-07-02,MM,S,1,182.73,27.646,155.084,
S2,TIMH,TIL,13,AVSA,N,2021-07-05,2021-07-12,MM,S,1,30.76,8.84,21.92,
S2,TIMH,TIL,13,CEFO,N,2021-07-05,2021-07-12,MM,S,1,46.39,8.84,37.55,
S2,TIMH,TIL,13,CHAL,N,2021-07-05,2021-07-12,GX,S,1,18.35,8.84,9.51,
S2,TIMH,TIL,13,ECCR,N,2021-07-05,2021-07-12,GX,S,1,11.02,8.84,2.18,
S2,TIMH,TIL,13,ECCR,N,2021-07-05,2021-07-12,GX,S,2,22.15,8.84,13.31,
S2,TIMH,TIL,13,FRVI,N,2021-07-05,2021-07-12,GX,M,1,-,-,0.093,
S2,TIMH,TIL,13,MELU,N,2021-07-05,2021-07-12,GX,S,1,19.43,8.84,10.59,
S2,TIMH,TIL,13,MOFI,N,2021-07-05,2021-07-12,MM,S,1,9.99,8.84,1.15,
S2,TIMH,TIL,13,OEBI,N,2021-07-05,2021-07-12,MM,S,1,33.84,8.84,25,
S2,TIMH,TIL,13,OXST,N,2021-07-05,2021-07-12,GX,S,1,37.28,8.84,28.44,
S2,TIMH,TIL,13,PACA,N,2021-07-05,2021-07-12,MM,S,1,12.86,8.84,4.02,
S2,TIMH,TIL,13,PELA,N,2021-07-05,2021-07-12,MM,S,1,125.72,27.646,98.074,
S2,TIMH,TIL,13,PLMA,N,2021-07-05,2021-07-12,MM,S,1,36.21,8.84,27.37,
S2,TIMH,TIL,13,RUHI,N,2021-07-05,2021-07-12,MM,S,1,19.86,8.84,11.02,
S2,TIMH,TIL,13,SEVI,N,2021-07-05,2021-07-12,GX,S,1,10.95,8.84,2.11,
S2,TIMH,TIL,13,SOAR,N,2021-07-05,2021-07-24,GX,M,1,148.63,27.646,120.984,
S2,TIMH,TIL,13,SOSP,N,2021-07-05,2021-07-12,MM,S,1,11,8.84,2.16,
S2,TIMH,TIL,1,SP12,N,2021-07-02,2021-07-12,MM,M,1,-,-,0.348,thin SOSP
S2,TIMH,TIL,3,SP12,N,2021-07-05,2021-07-12,GX,M,1,-,-,0.476,thin sosp (GX)
S2,TIMH,TIL,13,HEHE,N,2021-07-05,2021-07-12,GX,S,1,-,-,1.03,"Originally labelled as ""SP20"" but labelled as ""HEHE"" (Heliopsis helianthoides) (GX)"
S2,TIMH,TIL,13,ERAN,N,2021-07-05,2021-07-12,GX,S,1,-,-,0.318,"Originally labelled as ""SP22"" but labelled as ""ERAN"" (Erigeron annuus) (GX)"
S2,TIMH,TIL,5,SP12,N,2021-07-06,2021-07-12,GX,M,1,-,-,0.11,Originally labeled as SP10 (GX)
S2,TIMH,TIL,13,HEHE,N,2021-07-05,2021-07-12,GX,S,1,10.26,8.84,1.42,"Originally labeled as ""SP26"" but relabeled as ""HEHE"" (Heliopsis helianthoides) (GX)"
S2,TIMH,TIL,13,TAOF,N,2021-07-05,2021-07-12,GX,M,1,-,-,0.121,
S2,TIMH,TIL,13,TRPR,N,2021-07-05,2021-07-12,GX,S,1,27.07,8.84,18.23,
S2,TIMH,TIL,13,VEST,N,2021-07-05,2021-07-12,MM,S,1,13.34,8.84,4.5,
S2,TIMH,TIL,15,AMAR,N,2021-07-06,2021-07-12,MM,S,1,103.83,27.646,76.184,
S2,TIMH,TIL,15,PLMA,N,2021-07-06,2021-07-12,GX,M,1,-,-,1.063,
S2,TIMH,TIL,15,FRVI,N,2021-07-06,2021-07-12,GX,M,1,-,-,0.103,
S2,TIMH,TIL,15,VEST,N,2021-07-06,2021-07-12,GX,M,1,-,-,0.793,
S2,VICP,TIL,23,MELU,N,2021-07-01,2021-07-12,MM,S,1,218.64,27.646,190.994,
S2,VICP,TIL,25,MELU,N,2021-07-01,2021-07-08,GX,S,1,27.99,8.84,19.15,
S2,VICP,TIL,1,OEBI,N,2021-06-28,2021-07-12,GX,M,1,-,-,2.437,
S2,VICP,TIL,3,OEBI,N,2021-06-28,2021-07-12,MM,S,1,9.99,8.84,1.15,
S2,VICP,TIL,5,OEBI,N,2021-06-28,2021-07-12,MM,S,1,13.88,8.84,5.04,
S2,TIMH,TIL,15,ASSY,N,2021-07-06,2021-07-12,GX,M,1,-,-,0.167,
S2,TIMH,TIL,11,SP12,N,2021-07-02,2021-07-08,GX,M,1,-,-,1.375,
S2,VICP,TIL,11,OEBI,N,2021-06-29,2021-07-02,GX,S,1,32.26,8.84,23.42,
S2,VICP,TIL,13,OEBI,N,2021-06-29,2021-07-12,MM,S,1,22.24,8.84,13.4,
S2,VICP,TIL,15,OEBI,N,2021-06-28,2021-07-12,GX,M,1,-,-,4.702,
S2,TIMH,TIL,15,PACA,N,2021-07-06,2021-07-12,GX,M,1,-,-,0.597,
S2,KENN,TIL,1,VEST,N,2021-07-07,2021-07-12,GX,M,1,-,-,0.047,
S2,VICP,TIL,21,OEBI,N,2021-06-29,2021-07-02,MM,S,1,16.9,8.84,8.06,
S2,TIMH,TIL,13,SP12,N,2021-07-05,2021-07-12,GX,M,1,-,-,0.506,
S2,KENN,TIL,15,CEFO,N,2021-07-09,2021-07-12,GX,M,1,-,-,2.848,
S2,KENN,TIL,15,CHAL,N,2021-07-09,2021-07-24,GX,M,1,94.6,27.646,66.954,
S2,KENN,TIL,1,FRVI,N,2021-07-07,2021-07-12,GX,M,1,-,-,0.104,
S2,TIMH,TIL,15,AGST,N,2021-07-06,2021-07-24,GX,M,1,37.98,8.84,29.14,
S2,VICP,TIL,23,ORAS,N,2021-07-01,2021-07-12,MM,S,1,11.04,8.84,2.2,
S2,TIMH,TIL,15,CEFO,N,2021-07-06,2021-07-24,GX,M,1,119.33,27.646,91.684,
S2,VICP,TIL,3,OXST,N,2021-06-28,2021-07-02,MM,S,1,12.06,8.84,3.22,
S2,KENN,TIL,15,DISA,N,2021-07-09,2021-07-24,GX,S,1,-,-,1.168,crabgrass
S2,KENN,TIL,15,ECCR,N,2021-07-09,2021-07-24,GX,S,1,-,-,0.198,
S2,KENN,TIL,5,ACNE,N,2021-07-09,2021-07-24,GX,S,1,-,-,0.324,
S2,KENN,TIL,15,LOPE,N,2021-07-09,2021-07-24,GX,S,1,-,-,1.115,
S2,VICP,TIL,5,OXST,N,2021-06-28,2021-07-12,GX,M,1,-,-,4.187,
S2,TIMH,TIL,15,RUHI,N,2021-07-06,2021-07-24,GX,M,1,20.9,8.84,12.06,
S2,VICP,TIL,11,OXST,N,2021-06-29,2021-07-02,MM,S,1,30.79,8.84,21.95,
S2,VICP,TIL,13,OXST,N,2021-06-29,2021-07-12,MM,S,1,13.33,8.84,4.49,
S2,TIMH,TIL,15,TAOF,N,2021-07-06,2021-07-24,GX,S,1,-,-,1.523,
S2,VICP,TIL,15,OXST,N,2021-06-28,2021-07-12,GX,M,1,-,-,0.41,
S2,VICP,TIL,23,OXST,N,2021-07-01,2021-07-09,GX,M,1,-,-,0.109,
S2,VICP,TIL,25,OXST,N,2021-07-01,2021-07-12,GX,M,1,-,-,0.786,
S2,TIMH,TIL,15,MELU,N,2021-07-06,2021-07-24,GX,M,1,23.14,8.84,14.3,
S2,VICP,TIL,13,PACA,N,2021-06-29,2021-07-12,GX,M,1,-,-,0.153,
S2,TIMH,TIL,15,MOFI,N,2021-07-06,2021-07-24,GX,S,1,-,-,1.924,
S2,VICP,TIL,23,PACA,N,2021-07-01,2021-07-09,GX,M,1,-,-,0.12,
S2,VICP,TIL,23,PACA,N,2021-07-01,2021-07-12,MM,M,2,-,-,0.165,
S2,VICP,TIL,13,PEGL,N,2021-06-29,2021-07-12,GX,M,1,-,-,0.111,
S2,VICP,TIL,15,PHPR,N,2021-06-28,2021-07-12,GX,S,1,15.82,8.84,6.98,
S2,VICP,TIL,11,PLMA,N,2021-06-29,2021-07-12,GX,M,1,-,-,0.206,
S2,VICP,TIL,13,PLMA,N,2021-06-29,2021-07-12,GX,M,1,-,-,0.162,
S2,TIMH,TIL,15,OEBI,N,2021-07-06,2021-07-24,GX,S,1,-,-,21.109,
S2,VICP,TIL,25,PLMA,N,2021-07-01,2021-07-12,MM,S,1,35.23,8.84,26.39,
S2,TIMH,TIL,15,SEVI,N,2021-07-06,2021-07-24,GX,S,1,-,-,2.94,
S2,TIMH,TIL,15,ECCR,N,2021-07-06,2021-07-24,GX,M,1,104.66,8.84,95.82,
S2,TIMH,TIL,15,TRPR,N,2021-07-06,2021-07-24,GX,M,1,14.54,8.84,5.7,
S2,TIMH,TIL,15,ACNE,N,2021-07-06,2021-07-24,GX,S,1,-,-,3.078,Thin SOSP
S2,TIMH,TIL,15,DACA,N,2021-07-06,2021-07-24,GX,M,1,18.39,8.84,9.55,
S2,TIMH,TIL,15,CHAL,N,2021-07-06,2021-07-24,GX,M,1,29.42,8.84,20.58,
S2,TIMH,TIL,15,SOSP,N,2021-07-06,2021-07-24,GX,S,1,-,-,2.618,
S2,VICP,TIL,3,POOL,N,2021-06-28,2021-07-12,GX,M,1,-,-,0.201,
S2,VICP,TIL,13,POPR,N,2021-06-29,2021-07-12,MM,M,1,-,-,0.143,
S2,TIMH,TIL,21,AGST,N,2021-07-01,2021-07-12,MM,S,1,11.97,8.84,3.13,
S2,KENN,TIL,5,AMAR,N,2021-07-09,2021-07-24,GX,M,1,58.04,27.646,30.394,
S2,VICP,TIL,5,RUHI,N,2021-06-28,2021-07-12,GX,M,1,-,-,0.533,
S2,KENN,TIL,1,ERAN,N,2021-07-07,2021-07-24,GX,S,1,-,-,0.148,"Originally labelled as ""SP27"" but relabeled as ""ERAN"" Erigeron annuus (GX)"
S2,TIMH,TIL,21,CEFO,N,2021-07-01,2021-07-12,MM,S,1,11.93,8.84,3.09,
S2,TIMH,TIL,21,CHAL,N,2021-07-01,2021-07-12,MM,S,1,15.08,8.84,6.24,
S2,KENN,TIL,1,PACA,N,2021-07-07,2021-07-12,GX,M,1,-,-,0.17,
S2,TIMH,TIL,21,DACA,N,2021-07-01,2021-07-09,GX,M,1,-,-,1.176,
S2,TIMH,TIL,21,FRVI,N,2021-07-01,2021-07-09,GX,M,1,-,-,0.245,
S2,TIMH,TIL,21,HEHE,N,2021-07-01,2021-07-24,GX,S,1,-,-,1.665,
S2,KENN,TIL,1,LOPE,N,2021-07-07,2021-07-12,GX,M,1,-,-,0.171,
S2,TIMH,TIL,15,SP12,N,2021-07-06,2021-07-12,GX,M,1,-,-,0.374,Originally labeled as SP10 (GX)
S2,KENN,TIL,1,SOSP,N,2021-07-07,2021-07-24,GX,S,1,-,-,0.428,
S2,TIMH,TIL,21,HOJU,N,2021-07-01,2021-07-09,GX,M,1,-,-,0.174,
S2,VICP,TIL,11,RUHI,N,2021-06-29,2021-07-12,MM,M,1,-,-,1.917,
S2,TIMH,TIL,21,LASE,N,2021-07-01,2021-07-09,GX,M,1,-,-,0.065,"bag labelled as ""LAVI"" (GX)"
S2,TIMH,TIL,21,LOPE,N,2021-07-01,2021-07-09,GX,M,1,-,-,0.428,
S2,VICP,TIL,13,RUHI,N,2021-06-29,2021-07-12,GX,M,1,-,-,0.396,
S2,VICP,TIL,15,RUHI,N,2021-06-28,2021-07-12,GX,M,1,-,-,1.013,
S2,VICP,TIL,21,RUHI,N,2021-06-29,2021-07-12,GX,M,1,-,-,0.352,
S2,KENN,TIL,1,RUHI,N,2021-07-07,2021-07-24,GX,S,1,-,-,0.463,
S2,VICP,TIL,25,RUHI,N,2021-07-01,2021-07-09,GX,M,1,-,-,0.664,
S2,VICP,TIL,25,SEVI,N,2021-07-01,2021-07-09,GX,M,1,-,-,0.399,
S2,VICP,TIL,5,SOAR,N,2021-06-28,2021-07-12,GX,M,1,-,-,0.212,
S2,VICP,TIL,21,SOAR,N,2021-06-29,2021-07-12,MM,S,1,10.29,8.84,1.45,
S2,VICP,TIL,5,SOSP,N,2021-06-28,2021-07-12,GX,M,1,-,-,0.112,
S2,TIMH,TIL,21,MELU,N,2021-07-01,2021-07-08,GX,S,1,28.07,8.84,19.23,
S2,KENN,TIL,5,ASSY,N,2021-07-09,2021-07-12,GX,M,1,-,-,0.159,
S2,TIMH,TIL,21,MOFI,N,2021-07-01,2021-07-12,MM,M,1,-,-,0.538,
S2,TIMH,TIL,21,OEBI,N,2021-07-01,2021-07-12,MM,S,1,13.72,8.84,4.88,
S2,TIMH,TIL,21,OXST,N,2021-07-01,2021-07-12,MM,S,1,23.88,8.84,15.04,
S2,TIMH,TIL,21,PACA,N,2021-07-01,2021-07-08,GX,M,1,-,-,0.536,
S2,TIMH,TIL,21,PACA,N,2021-07-01,2021-07-09,GX,M,2,-,-,0.07,
S2,TIMH,TIL,21,PLMA,N,2021-07-01,2021-07-09,GX,M,1,-,-,0.133,
S2,TIMH,TIL,21,RUHI,N,2021-07-01,2021-07-08,GX,S,1,14.41,8.84,5.57,
S2,VICP,TIL,5,SOSP,N,2021-06-28,2021-07-12,GX,M,2,-,-,0.298,
S2,VICP,TIL,11,SOSP,N,2021-06-29,2021-07-12,MM,S,1,12.27,8.84,3.43,
S2,VICP,TIL,13,SOSP,N,2021-06-29,2021-07-12,MM,S,1,10.35,8.84,1.51,
S2,VICP,TIL,21,SOSP,N,2021-06-29,2021-07-12,GX,M,1,-,-,0.301,
S2,VICP,TIL,23,SOSP,N,2021-07-01,2021-07-12,MM,M,1,-,-,0.624,
S2,VICP,TIL,25,SOSP,N,2021-07-01,2021-07-12,MM,S,1,18.92,8.84,10.08,
S2,VICP,TIL,1,GECA,N,2021-06-28,2021-07-12,GX,M,1,-,-,0.18,"Originally labelled as ""SP01"" but relabeled as ""GECA"" (Geum candense)"
S2,VICP,TIL,11,GECA,N,2021-06-29,2021-07-09,GX,M,1,-,-,0.285,"Originally labelled as ""SP01"" but relabeled as ""GECA"" (Geum candense)"
S2,VICP,TIL,5,OEBI,N,2021-06-28,2021-07-12,MM,S,1,10.27,8.84,1.43,"Originally labelled as ""SP02"" but relabeled as ""GECA"" (Oenothera biennis)"
S2,VICP,TIL,3,VEHA,N,2021-06-28,2021-07-12,GX,M,1,-,-,0.166,"Originally labelled as ""SP04"" but relabeled as ""VEHA"" (Verbena hastata)"
S2,VICP,TIL,5,HEHE,N,2021-06-28,2021-07-12,GX,M,1,-,-,0.142,"Originally labelled as ""SP05"" but relabeled as ""HEHE"" (Heliopsis helianthoides)"
S2,VICP,TIL,3,VETH,N,2021-06-28,2021-07-12,GX,M,1,-,-,0.52,"Originally labelled as ""SP06"", but relabeled as ""VETH"" (GX)"
S2,VICP,TIL,3,BESP,N,2021-06-28,2021-07-12,GX,M,1,-,-,0.085,"Originally labeled as ""SP07"" but labeled as ""BESP"" Bellis Sylvestris (GX)"
S2,VICP,TIL,3,HEHE,N,2021-06-28,2021-07-12,GX,M,1,-,-,0.364,"Originally labelled as ""SP08"" but relabeled as ""HEHE"" (Heliopsis helianthoides)"
S2,VICP,TIL,11,HEHE,N,2021-06-29,2021-07-09,GX,M,1,-,-,0.462,"Originally labelled as ""SP08"" but relabeled as ""HEHE"" (Heliopsis helianthoides)"
S2,KENN,TIL,1,SP12,N,2021-07-07,2021-07-24,GX,S,1,-,-,0.301,
S2,TIMH,TIL,21,SEVI,N,2021-07-01,2021-07-12,MM,S,1,14.67,8.84,5.83,
S2,VICP,TIL,21,SP12,N,2021-06-29,2021-07-09,GX,M,1,-,-,0.227,thin sosp (GX)
S2,TIMH,TIL,21,SP12,N,2021-07-01,2021-07-09,GX,M,1,-,-,0.535,Thin sosp (GX)
S2,TIMH,TIL,23,SP12,N,2021-07-05,2021-07-24,GX,S,1,-,-,0.413,
S2,VICP,TIL,5,TAOF,N,2021-06-28,2021-07-12,GX,M,1,-,-,0.367,
S2,VICP,TIL,13,TAOF,N,2021-06-29,2021-07-12,MM,S,1,11.54,8.84,2.7,
S2,VICP,TIL,21,TAOF,N,2021-06-29,2021-07-12,MM,S,1,15.11,8.84,6.27,
S2,VICP,TIL,23,TAOF,N,2021-07-01,2021-07-12,MM,S,1,10.99,8.84,2.15,
S2,VICP,TIL,25,TAOF,N,2021-07-01,2021-07-12,MM,S,1,26.28,8.84,17.44,
S2,TIMH,TIL,21,SOSP,N,2021-07-01,2021-07-08,GX,M,1,-,-,1.812,
S2,TIMH,TIL,21,SOSP,N,2021-07-01,2021-07-12,MM,M,2,-,-,0.991,
S2,VICP,TIL,1,TRAE,N,2021-06-28,2021-07-02,KN,M,1,-,-,17.89,
S2,VICP,TIL,5,TRAE,N,2021-06-28,2021-07-02,MM,S,1,84.44,27.646,56.794,
S2,TIMH,TIL,21,ERAN,N,2021-07-01,2021-07-09,GX,M,1,-,-,0.055,"Originally labelled as ""SP09"" but relabelled as ""ERAN"" (GX)"
S2,VICP,TIL,1,TRPR,N,2021-06-28,2021-07-02,KN,M,1,-,-,4.8,
S2,KENN,TIL,11,SP12,N,2021-07-10,2021-07-24,GX,S,1,-,-,1.258,Thin SOSP
S2,KENN,TIL,25,SP12,N,2021-07-10,2021-07-24,GX,S,1,-,-,0.198,Thin SOSP
S2,TIMH,TIL,21,TRPR,N,2021-07-01,2021-07-12,MM,S,1,17.87,8.84,9.03,
S2,TIMH,TIL,21,VEST,N,2021-07-01,2021-07-09,GX,M,1,-,-,0.797,
S2,TIMH,TIL,23,AGST,N,2021-07-05,2021-07-12,GX,S,1,105.4,8.84,96.56,"Missing site name, but can infer from date collected (GX)"
S2,TIMH,TIL,23,AVSA,N,2021-07-05,2021-07-12,MM,S,1,25.8,8.84,16.96,
S2,TIMH,TIL,23,CEFO,N,2021-07-05,2021-07-12,MM,S,1,18.19,8.84,9.35,
S2,TIMH,TIL,23,COAR,N,2021-07-05,2021-07-12,GX,S,1,12.35,8.84,3.51,
S2,TIMH,TIL,23,COCA,N,2021-07-05,2021-07-12,MM,S,1,17.81,8.84,8.97,
S2,TIMH,TIL,23,DACA,N,2021-07-05,2021-07-12,MM,S,1,14.52,8.84,5.68,
S2,TIMH,TIL,23,ECCR,N,2021-07-05,2021-07-12,GX,M,1,17.85,8.84,9.01,
S2,VICP,TIL,3,TRPR,N,2021-06-28,2021-07-02,MM,S,1,41.46,27.646,13.814,
S2,TIMH,TIL,23,ECCR,N,2021-07-05,2021-07-12,MM,M,2,23.05,9.14,13.91,
S2,TIMH,TIL,23,FRVI,N,2021-07-05,2021-07-12,GX,S,1,-,-,0.071,
S2,VICP,TIL,5,TRPR,N,2021-06-28,2021-07-02,MM,S,1,30.5,8.84,21.66,
S2,VICP,TIL,11,TRPR,N,2021-06-29,2021-07-02,MM,S,1,61.18,8.84,52.34,
S2,VICP,TIL,13,TRPR,N,2021-06-29,2021-07-02,MM,S,1,16.92,8.84,8.08,
S2,VICP,TIL,15,TRPR,N,2021-06-28,2021-07-12,MM,S,1,13.32,8.84,4.48,
S2,TIMH,TIL,23,MELU,N,2021-07-05,2021-07-12,GX,M,1,-,-,0.661,
S2,VICP,TIL,21,TRPR,N,2021-06-29,2021-07-02,MM,S,1,30.76,8.84,21.92,
S2,VICP,TIL,25,TRPR,N,2021-07-01,2021-07-12,MM,S,1,24.86,8.84,16.02,
S2,TIMH,TIL,23,MOFI,N,2021-07-05,2021-07-24,GX,S,1,-,-,1.168,
S2,TIMH,TIL,23,OEBI,N,2021-07-05,2021-07-12,MM,M,1,36.15,8.84,27.31,
S2,TIMH,TIL,23,OXST,N,2021-07-05,2021-07-12,MM,M,1,45.18,8.84,36.34,
S2,VICP,TIL,13,VETH,N,2021-06-29,2021-07-12,GX,M,1,-,-,0.192,
S2,VICP,TIL,13,VICR,N,2021-06-29,2021-07-12,GX,M,1,-,-,0.253,
S2,VICP,TIL,25,VICR,N,2021-07-01,2021-07-08,GX,S,1,14.89,8.84,6.05,
S2,TIMH,TIL,23,PACA,N,2021-07-05,2021-07-12,GX,M,1,13.53,8.84,13,
S2,VICP,TIL,15,VIRI,N,2021-06-28,2021-07-12,GX,M,1,-,-,0.215,
S2,TIMH,TIL,23,PEGL,N,2021-07-05,2021-07-12,GX,S,1,-,-,0.381,"Missing site name, but inferred from collected date (GX)"
S2,TIMH,TIL,23,PLMA,N,2021-07-05,2021-07-12,MM,S,1,23.02,8.84,14.18,
S2,TIMH,TIL,23,PRVU,N,2021-07-05,2021-07-12,GX,M,1,-,-,0.888,
S2,TIMH,TIL,23,RUHI,N,2021-07-05,2021-07-12,MM,S,1,21.16,8.84,12.32,
S2,TIMH,TIL,23,SEVI,N,2021-07-05,2021-07-12,GX,S,1,-,-,0.697,
S2,TIMH,TIL,23,SEVI,N,2021-07-05,2021-07-12,GX,S,2,-,-,0.38,
S2,TIMH,TIL,23,SEVI,N,2021-07-05,2021-07-12,GX,S,3,14.86,8.84,6.02,
S2,TIMH,TIL,23,SOAS,N,2021-07-05,2021-07-12,GX,S,1,20.53,8.84,11.69,
S2,TIMH,TIL,23,SOSP,N,2021-07-05,2021-07-12,GX,S,1,-,-,0.04,
S2,TIMH,TIL,23,SOSP,N,2021-07-05,2021-07-12,MM,S,2,10.7,8.84,1.86,
S2,TIMH,TIL,25,SP12,N,2021-07-05,2021-07-12,MM,S,1,9.39,8.84,0.55,thin SOSP
S2,TIMH,TIL,23,VEOF,N,2021-07-05,2021-07-12,GX,S,1,-,-,0.2655,"Originally labeled as ""SP15"" but labeled as ""VEOF"" (Veronica officinalis)"
S2,TIMH,TIL,23,HEHE,N,2021-07-05,2021-07-12,GX,S,1,-,-,0.414,"Originally labeled as ""SP21"" but relabeled as ""HEHE"" (Heliopsis helianthoides) (GX)"
S2,KENN,TIL,3,AMAL,N,2021-07-10,2021-07-24,GX,M,1,17.69,8.84,8.85,
S2,KENN,TIL,25,COAR,N,2021-07-10,2021-07-24,GX,S,1,20.49,8.84,11.65,
S2,KENN,TIL,11,ASSY,N,2021-07-10,2021-07-24,GX,M,1,-,-,1.488,
S2,KENN,TIL,25,TRPR,N,2021-07-10,2021-07-24,GX,S,1,299.56,27.646,271.914,
S2,KENN,TIL,11,VICR,N,2021-07-10,2021-07-24,GX,M,1,13.99,8.84,5.15,
S2,KENN,TIL,3,AMAR,N,2021-07-10,2021-07-24,GX,S,1,-,-,6.986,
S2,KENN,TIL,23,ASSY,N,2021-07-10,2021-07-24,GX,S,1,-,-,0.431,
S2,KENN,TIL,23,CEFO,N,2021-07-10,2021-07-24,GX,S,1,-,-,2.867,
S2,KENN,TIL,25,MELU,N,2021-07-10,2021-07-24,GX,M,1,74.08,8.84,65.24,
S2,KENN,TIL,21,SP12,N,2021-07-10,2021-07-24,GX,S,1,-,-,1.07,Thin SOSP
S2,KENN,TIL,11,PACA,N,2021-07-10,2021-07-24,GX,M,1,17.99,8.84,9.15,
S2,KENN,TIL,21,ALPE,N,2021-07-10,2021-07-24,GX,S,1,-,-,0.188,
S2,KENN,TIL,21,SP12,N,2021-07-10,2021-07-24,GX,S,2,-,-,0.814,Thin SOSP
S2,KENN,TIL,13,AGST,N,2021-07-10,2021-07-24,GX,S,1,-,-,0.269,
S2,KENN,TIL,21,ASSY,N,2021-07-10,2021-07-24,GX,S,1,-,-,0.361,
S2,KENN,TIL,3,ASSY,N,2021-07-10,2021-07-24,GX,S,1,-,-,0.34,
S2,KENN,TIL,21,AVSA,N,2021-07-10,2021-07-24,GX,M,1,30.58,8.84,21.74,
S2,KENN,TIL,13,ASSY,N,2021-07-10,2021-07-24,GX,S,1,-,-,0.124,
S2,KENN,TIL,25,TRRE,N,2021-07-10,2021-07-24,GX,S,1,-,-,1.034,
S2,KENN,TIL,23,CHGL,N,2021-07-10,2021-07-27,GX,M,1,214.07,27.646,186.424,
S2,KENN,TIL,21,CEFO,N,2021-07-10,2021-07-24,GX,M,1,30.92,8.84,22.08,
S2,KENN,TIL,11,DACA,N,2021-07-10,2021-07-24,GX,M,1,20.16,8.84,11.32,
S2,KENN,TIL,21,CHAL,N,2021-07-10,2021-07-27,GX,M,1,161.45,27.646,133.804,
S2,KENN,TIL,13,AVSA,N,2021-07-10,2021-07-24,GX,M,1,17.79,8.84,8.95,
S2,KENN,TIL,11,OXST,N,2021-07-10,2021-07-24,GX,S,1,-,-,2.401,
S2,KENN,TIL,13,CEFO,N,2021-07-10,2021-07-24,GX,S,1,-,-,2.334,
S2,KENN,TIL,13,CHAL,N,2021-07-10,2021-07-24,GX,M,1,20.86,8.84,12.02,
S2,KENN,TIL,23,COCA,N,2021-07-10,2021-07-24,GX,S,1,-,-,0.827,
S2,KENN,TIL,13,CHGL,N,2021-07-10,2021-07-24,GX,S,1,-,-,4.814,
S2,KENN,TIL,13,DACA,N,2021-07-10,2021-07-24,GX,S,1,-,-,1.232,
S2,KENN,TIL,13,ELRE,N,2021-07-10,2021-07-24,GX,S,1,-,-,2.152,
S2,KENN,TIL,11,VEST,N,2021-07-10,2021-07-24,GX,S,1,-,-,0.084,
S2,KENN,TIL,3,AVSA,N,2021-07-10,2021-07-24,GX,M,1,19.46,8.84,10.62,
S2,KENN,TIL,13,FRVI,N,2021-07-10,2021-07-24,GX,S,1,-,-,0.124,
S2,KENN,TIL,15,MELU,N,2021-07-09,2021-07-12,MM,S,1,380.21,27.646,352.564,
S2,KENN,TIL,21,DACA,N,2021-07-10,2021-07-24,GX,S,1,-,-,0.906,
S2,KENN,TIL,21,ECCR,N,2021-07-10,2021-07-24,GX,S,1,-,-,0.281,
S2,KENN,TIL,3,CELO,N,2021-07-10,2021-07-24,GX,S,1,-,-,3.798,
S2,KENN,TIL,3,CHAL,N,2021-07-10,2021-07-24,GX,M,1,114.29,27.646,86.644,
S2,KENN,TIL,21,FRVI,N,2021-07-10,2021-07-24,GX,S,1,-,-,0.125,
S2,KENN,TIL,25,VESE,N,2021-07-10,2021-07-24,GX,S,1,-,-,0.38,
S2,KENN,TIL,3,CHGL,N,2021-07-10,2021-07-24,GX,M,1,234.71,27.646,207.064,
S2,KENN,TIL,21,MELU,N,2021-07-10,2021-07-24,GX,M,1,17.31,8.84,8.47,
S2,KENN,TIL,21,MOFI,N,2021-07-10,2021-07-24,GX,S,1,-,-,0.417,
S2,KENN,TIL,13,MELU,N,2021-07-10,2021-07-24,GX,M,1,265.05,27.646,237.404,
S2,KENN,TIL,5,CEFO,N,2021-07-09,2021-07-24,GX,M,1,13.75,8.84,4.91,
S2,KENN,TIL,3,CHGL,N,2021-07-10,2021-07-24,GX,M,2,149.86,27.646,122.214,
S2,KENN,TIL,25,ERAN,N,2021-07-10,2021-07-24,GX,S,1,-,-,0.177,"Originally labelled as ""SP09"" but relabelled as ""ERAN"" (GX)"
S2,KENN,TIL,23,DACA,N,2021-07-10,2021-07-24,GX,M,1,15.13,8.84,6.29,
S2,KENN,TIL,15,SP12,N,2021-07-09,2021-07-24,GX,S,1,-,-,0.438,Thin SOSP
S2,KENN,TIL,25,DIIS,N,2021-07-10,2021-07-24,GX,S,1,-,-,0.451,
S2,KENN,TIL,25,HEHE,N,2021-07-10,2021-07-24,GX,S,1,-,-,1.472,"Originally labeled as ""HEHA"" but relabeled as ""HEHE"" (GX)"
S2,KENN,TIL,1,PLMA,N,2021-07-07,2021-07-12,GX,M,1,-,-,0.543,
S2,KENN,TIL,13,OEBI,N,2021-07-10,2021-07-24,GX,S,1,-,-,24.03,
S2,KENN,TIL,3,COAR,N,2021-07-10,2021-07-24,GX,S,1,-,-,1.876,
S2,KENN,TIL,21,OEBI,N,2021-07-10,2021-07-27,GX,M,1,185.9,27.646,158.254,
S2,KENN,TIL,21,OXST,N,2021-07-10,2021-07-24,GX,S,1,-,-,1.426,
S2,KENN,TIL,23,ERAN,N,2021-07-10,2021-07-24,GX,S,1,-,-,1.503,
S2,KENN,TIL,15,MOFI,N,2021-07-09,2021-07-12,GX,M,1,-,-,0.164,
S2,KENN,TIL,3,FRVI,N,2021-07-10,2021-07-24,GX,S,1,-,-,0.139,
S2,KENN,TIL,21,PACA,N,2021-07-10,2021-07-24,GX,M,1,30.13,8.84,21.29,
S2,KENN,TIL,11,TRRE,N,2021-07-10,2021-07-24,GX,M,1,119.65,27.646,92.004,
S2,KENN,TIL,25,DACA,N,2021-07-10,2021-07-24,GX,M,1,16.49,8.84,7.65,
S2,KENN,TIL,3,MELU,N,2021-07-10,2021-07-24,GX,M,1,45.67,8.84,36.83,
S2,KENN,TIL,25,OEBI,N,2021-07-10,2021-07-24,GX,M,1,50.8,8.84,41.96,
S2,KENN,TIL,21,PLMA,N,2021-07-10,2021-07-24,GX,M,1,21.42,8.84,12.58,
S2,KENN,TIL,15,OEBI,N,2021-07-09,2021-07-24,GX,M,1,24.72,8.84,15.88,
S2,KENN,TIL,21,RUHI,N,2021-07-10,2021-07-24,GX,M,1,22.98,8.84,14.14,
S2,KENN,TIL,15,OXST,N,2021-07-09,2021-07-24,GX,S,1,-,-,3.727,
S2,KENN,TIL,23,FRVI,N,2021-07-10,2021-07-24,GX,S,1,-,-,0.38,
S2,KENN,TIL,11,RUHI,N,2021-07-10,2021-07-24,GX,S,1,-,-,2.106,
S2,KENN,TIL,13,OXST,N,2021-07-10,2021-07-24,GX,S,1,-,-,1.99,
S2,KENN,TIL,23,LIVU,N,2021-07-10,2021-07-24,GX,S,1,-,-,0.194,
S2,KENN,TIL,5,CHAL,N,2021-07-09,2021-07-12,GX,S,1,597.77,46.21,551.56,
S2,KENN,TIL,21,SP12,N,2021-07-10,2021-07-24,GX,S,3,-,-,0.284,
S2,TIMH,TIL,23,TAOF,N,2021-07-05,2021-07-24,GX,S,1,-,-,3.678,
S2,TIMH,TIL,23,TRPR,N,2021-07-05,2021-07-12,MM,M,1,22.78,8.84,13.94,
S2,KENN,TIL,5,CHAL,N,2021-07-09,2021-07-27,GX,M,2,339.26,46.21,293.05,
S2,KENN,TIL,15,OXST,N,2021-07-09,2021-07-24,GX,S,2,-,-,1.595,
S2,TIMH,TIL,23,TRPR,N,2021-07-05,2021-07-24,GX,M,2,21.13,8.84,12.29,
S2,KENN,TIL,1,SEVI,N,2021-07-07,2021-07-12,GX,M,1,-,-,0.829,
S2,TIMH,TIL,23,VEST,N,2021-07-05,2021-07-12,MM,M,1,12.51,8.84,3.67,
S2,TIMH,TIL,25,AGST,N,2021-07-05,2021-07-12,GX,S,1,25.31,8.84,16.47,
S2,TIMH,TIL,25,AMAR,N,2021-07-05,2021-07-12,GX,S,1,60.03,27.646,32.384,
S2,KENN,TIL,1,PACA,N,2021-07-07,2021-07-24,GX,S,2,-,-,1.46,
S2,TIMH,TIL,25,AMAR,N,2021-07-05,2021-07-12,MM,S,2,69.39,27.646,41.744,
S2,TIMH,TIL,25,ASSY,N,2021-07-05,2021-07-12,MM,M,1,-,-,0.257,
S2,TIMH,TIL,25,AVSA,N,2021-07-05,2021-07-12,MM,S,1,18.77,8.84,9.93,
S2,TIMH,TIL,25,CEFO,N,2021-07-05,2021-07-12,MM,S,1,46.16,8.84,37.32,
S2,KENN,TIL,1,OXST,N,2021-07-07,2021-07-24,GX,S,1,-,-,1.473,
S2,KENN,TIL,15,PACA,N,2021-07-09,2021-07-24,GX,M,1,16.58,8.84,7.74,
S2,KENN,TIL,1,ANAR,N,2021-07-07,2021-07-12,GX,M,1,-,-,1.531,
S2,TIMH,TIL,25,DACA,N,2021-07-05,2021-07-12,GX,S,1,24.41,8.84,15.57,
S2,KENN,TIL,5,CHAL,N,2021-07-09,2021-07-27,GX,M,3,378.09,46.21,331.88,
S2,TIMH,TIL,25,ECCR,N,2021-07-05,2021-07-12,MM,M,1,-,-,1.28,
S2,TIMH,TIL,25,FRVI,N,2021-07-05,2021-07-09,GX,M,1,-,-,0.011,
S2,TIMH,TIL,25,FRVI,N,2021-07-05,2021-07-12,MM,M,2,-,-,0.081,
S2,KENN,TIL,1,DACA,N,2021-07-07,2021-07-12,GX,M,1,-,-,2.271,
S2,KENN,TIL,1,AMAR,N,2021-07-07,2021-07-24,GX,S,1,-,-,2.87,
S2,KENN,TIL,1,TRRE,N,2021-07-07,2021-07-24,GX,S,1,-,-,3.521,
S2,KENN,TIL,1,CEFO,N,2021-07-07,2021-07-24,GX,S,1,-,-,3.563,
S2,KENN,TIL,1,ALPE,N,2021-07-07,2021-07-24,GX,S,1,-,-,5.473,
S2,TIMH,TIL,25,LOPE,N,2021-07-05,2021-07-12,MM,M,1,-,-,0.11,
S2,TIMH,TIL,25,MELU,N,2021-07-05,2021-07-12,GX,S,1,33.76,8.84,24.92,
S2,KENN,TIL,5,CHAL,N,2021-07-09,2021-07-29,GX,M,4,171.6,27.646,143.954,
S2,TIMH,TIL,25,MOFI,N,2021-07-05,2021-07-12,MM,S,1,13.36,8.84,4.52,
S2,TIMH,TIL,25,OEBI,N,2021-07-05,2021-07-12,MM,S,1,29.13,8.84,20.29,
S2,TIMH,TIL,25,OEBI,N,2021-07-05,2021-07-12,MM,S,2,10.21,8.84,1.37,
S2,TIMH,TIL,25,OXST,N,2021-07-05,2021-07-12,MM,S,1,37.69,8.84,28.85,
S2,KENN,TIL,5,CHAL,N,2021-07-09,2021-07-29,GX,M,5,129.07,27.646,101.424,
S2,TIMH,TIL,25,PACA,N,2021-07-05,2021-07-12,GX,S,1,14.41,8.84,5.57,
S2,TIMH,TIL,25,RUHI,N,2021-07-05,2021-07-12,GX,S,1,23.29,8.84,14.45,
S2,TIMH,TIL,25,SOSP,N,2021-07-05,2021-07-12,MM,S,1,11.61,8.84,2.77,
S2,TIMH,TIL,11,SP13,N,2021-07-02,2021-07-08,GX,M,1,-,-,0.913,
S2,KENN,TIL,1,CHGL,N,2021-07-07,2021-07-24,GX,M,1,16.35,8.84,7.51,
S2,TIMH,TIL,11,SP17,N,2021-07-02,2021-07-08,GX,M,1,-,-,0.211,
S2,KENN,TIL,1,LASE,N,2021-07-07,2021-07-24,GX,M,1,16.99,8.84,8.15,
S2,KENN,TIL,5,CHAL,N,2021-07-09,2021-07-29,GX,M,6,154.83,27.646,127.184,
S2,KENN,TIL,5,CHAL,N,2021-07-09,2021-07-29,GX,M,7,147.35,27.646,119.704,
S2,TIMH,TIL,15,SP17,N,2021-07-06,2021-07-12,GX,M,1,-,-,0.545,
S2,TIMH,TIL,25,HYOF,N,2021-07-05,2021-07-12,GX,S,1,-,-,0.128,"Originally labelled as ""SP18"" but relabeled as ""HYOF"" (Hyssopus officinalis)"
S2,KENN,TIL,15,PLMA,N,2021-07-09,2021-07-12,GX,M,1,-,-,0.155,
S2,KENN,TIL,15,RUHI,N,2021-07-09,2021-07-24,GX,S,1,-,-,0.864,
S2,TIMH,TIL,25,ACNE,N,2021-07-05,2021-07-12,GX,S,1,-,-,0.409,"Originally labelled as ""SP19"" but relabeled as ""ACNE"" (Acer negundo)"
S2,KENN,TIL,1,CHAL,N,2021-07-07,2021-07-24,GX,S,1,-,-,13.111,
S2,TIMH,TIL,25,HEHE,N,2021-07-05,2021-07-12,GX,S,1,-,-,0.72,"Originally labeled as ""SP21"" but relabeled as ""HEHE"" (Heliopsis helianthoides) (GX)"
S2,KENN,TIL,1,SOAS,N,2021-07-07,2021-07-24,GX,M,1,23.13,8.84,14.29,
S2,KENN,TIL,1,OEBI,N,2021-07-07,2021-07-24,GX,M,1,23.43,8.84,14.59,
S2,KENN,TIL,5,CHAL,N,2021-07-09,2021-07-30,GX,M,8,148.46,27.646,120.814,
S2,TIMH,TIL,25,ERAN,N,2021-07-05,2021-07-12,GX,S,1,-,-,0.325,"Originally labeled as ""SP22"" but relabeled as ""ERAN"" (Erigeron annuus)"
S2,KENN,TIL,15,SP17,N,2021-07-09,2021-07-24,GX,S,1,-,-,0.233,
S2,KENN,TIL,1,CIAR,N,2021-07-07,2021-07-24,GX,M,1,25.89,8.84,17.05,
S2,KENN,TIL,5,CHGL,N,2021-07-09,2021-07-24,GX,M,1,67.33,27.646,39.684,
S2,TIMH,TIL,25,TAOF,N,2021-07-05,2021-07-12,MM,S,1,14.15,8.84,5.31,
S2,KENN,TIL,1,TRPR,N,2021-07-07,2021-07-24,GX,M,1,28.22,8.84,19.38,
S2,KENN,TIL,5,CIAR,N,2021-07-09,2021-07-24,GX,S,1,-,-,2.107,
S2,TIMH,TIL,25,TRPR,N,2021-07-05,2021-07-12,MM,M,1,-,-,0.172,
S2,KENN,TIL,15,SEVI,N,2021-07-09,2021-07-24,GX,S,1,-,-,0.37,
S2,KENN,TIL,5,COAR,N,2021-07-09,2021-07-24,GX,M,1,14.65,8.84,5.81,
S2,KENN,TIL,1,POAV,N,2021-07-07,2021-07-24,GX,M,1,191.14,27.646,163.494,"Originally labeled as ""POAR"" but re-labeled as ""POAV"""
S2,TIMH,TIL,25,VEST,N,2021-07-05,2021-07-12,GX,S,1,14.04,8.84,5.2,
S2,KENN,TIL,15,SOSP,N,2021-07-09,2021-07-24,GX,S,1,-,-,0.283,
S2,KENN,TIL,15,SOSP,N,2021-07-09,2021-07-24,GX,S,2,-,-,0.989,
S2,KENN,TIL,13,PACA,N,2021-07-10,2021-07-24,GX,S,1,-,-,0.099,
S2,KENN,TIL,23,MEAL,N,2021-07-10,2021-07-24,GX,S,1,-,-,1.081,
S2,KENN,TIL,23,MELU,N,2021-07-10,2021-07-24,GX,S,1,-,-,5.126,
S2,KENN,TIL,3,OEBI,N,2021-07-10,2021-07-27,GX,M,1,91.24,27.646,63.594,
S2,KENN,TIL,23,MOFI,N,2021-07-10,2021-07-24,GX,S,1,-,-,0.128,
S2,KENN,TIL,3,OXST,N,2021-07-10,2021-07-24,GX,S,1,-,-,6.359,
S2,KENN,TIL,21,SOSP,N,2021-07-10,2021-07-24,GX,S,1,-,-,0.537,
S2,KENN,TIL,11,COAR,N,2021-07-10,2021-07-24,GX,M,1,34.13,8.84,25.29,
S2,KENN,TIL,25,CHAL,N,2021-07-10,2021-07-24,GX,M,1,115.62,27.646,87.974,
S2,KENN,TIL,25,TAOF,N,2021-07-10,2021-07-24,GX,S,1,-,-,2.694,
S2,KENN,TIL,23,OEBI,N,2021-07-10,2021-07-27,GX,M,1,154.92,27.646,127.274,
S2,KENN,TIL,23,OXST,N,2021-07-10,2021-07-24,GX,S,1,-,-,1.122,
S2,KENN,TIL,3,PACA,N,2021-07-10,2021-07-24,GX,M,1,-,-,1.874,
S2,KENN,TIL,23,PACA,N,2021-07-10,2021-07-24,GX,M,1,18.61,8.84,9.77,
S2,KENN,TIL,3,PLMA,N,2021-07-10,2021-07-24,GX,S,1,-,-,3.191,
S2,KENN,TIL,21,SOSP,N,2021-07-10,2021-07-24,GX,S,2,-,-,3.754,
S2,KENN,TIL,21,SOSP,N,2021-07-10,2021-07-24,GX,S,3,-,-,0.626,
S2,KENN,TIL,13,RUHI,N,2021-07-10,2021-07-24,GX,S,1,-,-,2.288,
S2,TIMH,TIL,25,VETH,N,2021-07-05,2021-07-12,GX,S,1,-,-,0.469,
S2,KENN,TIL,3,RUHI,N,2021-07-10,2021-07-24,GX,S,1,-,-,6.955,
S2,KENN,TIL,25,CEFO,N,2021-07-10,2021-07-24,GX,S,1,-,-,3.755,
S2,KENN,TIL,13,SEGL,N,2021-07-10,2021-07-24,GX,S,1,-,-,0.389,
S2,KENN,TIL,11,TRPR,N,2021-07-10,2021-07-24,GX,M,1,123.46,27.646,95.814,
S2,KENN,TIL,23,PLMA,N,2021-07-10,2021-07-24,GX,S,1,-,-,0.396,
S2,KENN,TIL,25,RUHI,N,2021-07-10,2021-07-24,GX,S,1,-,-,0.362,
S2,KENN,TIL,21,ERAN,N,2021-07-10,2021-07-24,GX,S,1,-,-,0.152,"Originally labelled as ""SP09"" but relabelled as ""ERAN"" (GX)"
S2,KENN,TIL,13,SEVI,N,2021-07-10,2021-07-24,GX,S,1,-,-,0.419,
S2,KENN,TIL,3,ERAN,N,2021-07-10,2021-07-24,GX,S,1,-,-,0.397,"Originally labelled as ""SP09"" but relabelled as ""ERAN"" (GX)"
S2,KENN,TIL,11,SOSP,N,2021-07-10,2021-07-24,GX,M,1,19.12,8.84,10.28,
S2,KENN,TIL,13,SOSP,N,2021-07-10,2021-07-24,GX,S,1,-,-,0.44,
S2,KENN,TIL,25,FRVI,N,2021-07-10,2021-07-24,GX,S,1,-,-,0.377,
S2,KENN,TIL,11,LIVU,N,2021-07-10,2021-07-24,GX,S,1,-,-,7.081,
S2,TIMH,TIL,13,SP23,N,2021-07-05,2021-07-12,GX,S,1,-,-,0.094,
S2,KENN,TIL,25,PLMA,N,2021-07-10,2021-07-24,GX,S,1,-,-,1.055,
S2,KENN,TIL,3,HEHE,N,2021-07-10,2021-07-24,GX,M,1,23.44,8.84,14.6,"Originally labeled as ""SP24"" but labeled as ""HEHE"" (Heliopsis helianthoides) (GX)"
S2,KENN,TIL,25,SOSP,N,2021-07-10,2021-07-24,GX,S,1,-,-,4.296,
S2,TIMH,TIL,23,SP23,N,2021-07-05,2021-07-12,GX,S,1,-,-,0.212,
S2,KENN,TIL,3,TAOF,N,2021-07-10,2021-07-24,GX,S,1,-,-,2.133,
S2,KENN,TIL,11,MELU,N,2021-07-10,2021-07-24,GX,M,1,168.42,8.84,159.58,
S2,KENN,TIL,25,OXST,N,2021-07-10,2021-07-24,GX,S,1,-,-,4.11,
S2,KENN,TIL,13,SOSP,N,2021-07-10,2021-07-24,GX,S,2,-,-,0.433,
S2,KENN,TIL,13,CIVU,N,2021-07-10,2021-07-24,GX,S,1,-,-,0.07,"Originally labelled as ""SP29"" but labelled as ""CIVU"" (GX)"
S2,KENN,TIL,25,AMAR,N,2021-07-10,2021-07-24,GX,M,1,65.39,27.646,37.744,
S2,KENN,TIL,23,RUHI,N,2021-07-10,2021-07-24,GX,M,1,35.66,8.84,26.82,
S2,KENN,TIL,3,TAOF,N,2021-07-10,2021-07-24,GX,S,2,-,-,0.484,
S2,TIMH,TIL,25,SP23,N,2021-07-05,2021-07-12,GX,S,1,-,-,0.176,
S2,KENN,TIL,13,TAOF,N,2021-07-10,2021-07-24,GX,M,1,13.98,8.84,5.14,
S2,KENN,TIL,11,FRVI,N,2021-07-10,2021-07-24,GX,S,1,-,-,0.781,
S2,TIMH,TIL,25,VICR,N,2021-07-05,2021-07-12,MM,M,1,-,-,0.275,
S2,KENN,TIL,23,SOSP,N,2021-07-10,2021-07-24,GX,S,1,-,-,0.703,
S2,TIMH,TIL,5,SP25,N,2021-07-06,2021-07-12,GX,M,1,-,-,1.227,
S2,KENN,TIL,15,ERAN,N,2021-07-09,2021-07-24,GX,S,1,-,-,0.073,"Originally labelled as ""SP22"" but labelled as ""ERAN"" (Erigeron annuus) (GX)"
S2,KENN,TIL,11,CEFO,N,2021-07-10,2021-07-24,GX,S,1,-,-,3.96,
S2,KENN,TIL,13,TRPR,N,2021-07-10,2021-07-24,GX,M,1,44.65,8.84,35.81,
S2,KENN,TIL,5,DACA,N,2021-07-09,2021-07-24,GX,S,1,-,-,0.182,
S2,KENN,TIL,5,LOPE,N,2021-07-09,2021-07-12,GX,M,1,-,-,1.399,
S2,TIMH,TIL,23,SP25,N,2021-07-05,2021-07-12,GX,S,1,-,-,0.33,
S2,KENN,TIL,1,MELU,N,2021-07-07,2021-07-12,MM,S,1,261.06,27.646,233.414,
S2,KENN,TIL,13,TRRE,N,2021-07-10,2021-07-24,GX,S,1,-,-,0.884,
S2,KENN,TIL,15,TAOF,N,2021-07-09,2021-07-12,GX,M,1,-,-,0.558,
S2,KENN,TIL,21,SP25,N,2021-07-10,2021-07-24,GX,S,1,-,-,0.457,
S2,KENN,TIL,5,OEBI,N,2021-07-09,2021-07-24,GX,S,1,-,-,1.897,
S2,KENN,TIL,23,SOSP,N,2021-07-10,2021-07-24,GX,S,2,-,-,7.942,
S2,KENN,TIL,5,OXCO,N,2021-07-09,2021-07-24,GX,S,1,-,-,0.218,
S2,KENN,TIL,23,SOSP,N,2021-07-10,2021-07-24,GX,S,3,-,-,1.047,
S2,KENN,TIL,15,TRPR,N,2021-07-09,2021-07-24,GX,M,1,25.66,8.84,16.82,
S2,KENN,TIL,21,SP25,N,2021-07-10,2021-07-24,GX,S,2,-,-,0.787,
S2,KENN,TIL,15,VEST,N,2021-07-09,2021-07-12,GX,S,1,-,-,0.453,
S2,KENN,TIL,11,PLMA,N,2021-07-10,2021-07-24,GX,S,1,-,-,3.74,
S2,KENN,TIL,23,DECA,N,2021-07-10,2021-07-24,GX,S,1,-,-,0.168,"Originally labelled as ""SP28"" but relabelled as ""DECA"" (GX)"
S2,KENN,TIL,25,LOPE,N,2021-07-10,2021-07-24,GX,S,1,-,-,2.159,
S2,KENN,TIL,23,TAOF,N,2021-07-10,2021-07-24,GX,S,1,-,-,4.829,
S2,KENN,TIL,15,VEST,N,2021-07-09,2021-07-24,GX,S,2,-,-,0.479,
S2,KENN,TIL,23,TRPR,N,2021-07-10,2021-07-24,GX,M,1,139.59,27.646,111.944,
S2,KENN,TIL,21,TAOF,N,2021-07-10,2021-07-24,GX,M,1,18.91,8.84,10.07,
S2,KENN,TIL,5,OXCO,N,2021-07-09,2021-07-24,GX,S,2,-,-,0.244,
S2,KENN,TIL,25,ECCR,N,2021-07-10,2021-07-24,GX,S,1,-,-,0.587,
S2,KENN,TIL,3,TRPR,N,2021-07-10,2021-07-24,GX,M,1,15.85,8.84,7.01,
S2,KENN,TIL,5,OXST,N,2021-07-09,2021-07-24,GX,S,1,-,-,0.525,
S2,KENN,TIL,5,PLMA,N,2021-07-09,2021-07-24,GX,S,1,-,-,1.702,
S2,KENN,TIL,23,TRRE,N,2021-07-10,2021-07-24,GX,M,1,35.55,8.84,26.71,
S2,KENN,TIL,3,TRRE,N,2021-07-10,2021-07-24,GX,M,1,44.07,8.84,35.23,
S2,KENN,TIL,23,VEST,N,2021-07-10,2021-07-24,GX,S,1,-,-,1.795,
S2,KENN,TIL,11,OEBI,N,2021-07-10,2021-07-27,GX,M,1,160.23,27.646,132.584,
S2,KENN,TIL,21,TRPR,N,2021-07-10,2021-07-29,GX,M,1,143.08,27.646,115.434,
S2,KENN,TIL,21,TRRE,N,2021-07-10,2021-07-24,GX,M,1,18.51,8.84,9.67,
S2,KENN,TIL,3,VEST,N,2021-07-10,2021-07-27,GX,S,1,-,-,0.813,
S2,KENN,TIL,5,POAV,N,2021-07-09,2021-07-24,GX,M,1,15.3,8.84,6.46,"Originally labeled as ""POAR"" but re-labeled as ""POAV"""
S2,KENN,TIL,5,SOSP,N,2021-07-09,2021-07-24,GX,S,1,-,-,0.403,
S2,KENN,TIL,5,TRPR,N,2021-07-09,2021-07-24,GX,S,1,-,-,1.831,
S4,GRNB,RES,21,CEFO,N,2021-07-23,2021-07-30,GX,S,1,-,-,0.217,
S4,GRNB,RES,3,ACNE,N,2021-07-21,2021-07-30,GX,S,1,-,-,0.031,
S4,GRNB,RES,11,ACNE,Y,2021-07-22,2021-07-29,GX,M,1,81.05,27.646,53.404,
S4,GRNB,RES,23,CEFO,N,2021-07-23,2021-07-30,GX,S,1,-,-,0.457,
S4,GRNB,RES,5,ACNE,N,2021-07-21,2021-07-30,GX,S,1,-,-,0.207,
S4,GRNB,RES,1,ACNE,Y,2021-07-21,2021-07-30,GX,S,1,-,-,0.136,
S4,GRNB,RES,21,DACA,N,2021-07-23,2021-07-30,GX,S,1,-,-,0.584,
S4,GRNB,RES,25,COAR,N,2021-07-23,2021-07-30,GX,S,1,-,-,0.139,
S2,KENN,TIL,21,VESE,N,2021-07-10,2021-07-24,GX,S,1,-,-,1.733,
S4,GRNB,RES,1,ALPE,Y,2021-07-21,2021-07-30,GX,S,1,-,-,0.017,
S2,KENN,TIL,5,TRRE,N,2021-07-09,2021-07-24,GX,M,1,14.47,8.84,5.63,
S4,GRNB,RES,11,ACNE,Y,2021-07-22,2021-07-30,GX,M,2,80.82,27.646,53.174,
S4,GRNB,RES,15,CEFO,N,2021-07-22,2021-07-30,GX,S,1,-,-,0.085,
S4,GRNB,RES,15,CEFO,N,2021-07-22,2021-07-30,GX,S,2,-,-,0.311,
S4,GRNB,RES,25,COCA,N,2021-07-23,2021-07-30,GX,M,1,19.36,8.84,10.52,
S4,GRNB,RES,13,DACA,Y,2021-07-22,2021-07-29,GX,M,1,32.41,8.84,23.57,
S4,GRNB,RES,15,DACA,N,2021-07-22,2021-07-29,GX,M,1,66.87,27.646,39.224,
S4,GRNB,RES,11,DACA,N,2021-07-22,2021-07-30,GX,M,1,30.74,8.84,21.9,
S4,GRNB,RES,5,ANGE,N,2021-07-21,2021-07-30,GX,S,1,-,-,0.03,
S4,GRNB,RES,3,ANGE,N,2021-07-21,2021-07-30,GX,S,1,-,-,2.071,
S4,GRNB,RES,1,CEFO,Y,2021-07-21,2021-07-29,GX,M,1,14.73,8.84,5.89,
S4,GRNB,RES,3,CEFO,N,2021-07-21,2021-07-30,GX,S,1,-,-,0.038,
S4,GRNB,RES,23,COAR,N,2021-07-23,2021-07-29,GX,M,1,17.15,8.84,8.31,
S4,GRNB,RES,5,CEFO,N,2021-07-21,2021-07-30,GX,M,1,13.57,8.84,4.73,
S4,GRNB,RES,21,GEUR,N,2021-07-23,2021-07-30,GX,S,1,-,-,0.133,
S4,GRNB,RES,23,DACA,N,2021-07-23,2021-07-29,GX,M,1,16.08,8.84,7.24,
S4,GRNB,RES,5,CEPU,N,2021-07-21,2021-07-30,GX,S,1,-,-,0.071,
S4,GRNB,RES,23,ERAN,N,2021-07-23,2021-07-30,GX,S,1,-,-,2.141,
S4,GRNB,RES,11,GEUR,Y,2021-07-22,2021-07-30,GX,S,1,-,-,0.158,
S4,GRNB,RES,13,CEFO,Y,2021-07-22,2021-07-30,GX,S,1,-,-,0.005,
S4,GRNB,RES,5,CHAL,N,2021-07-21,2021-07-30,GX,S,1,-,-,0.031,
S4,GRNB,RES,5,COCA,N,2021-07-21,2021-07-30,GX,M,1,12.81,8.84,3.97,
S4,GRNB,RES,23,GEUR,N,2021-07-23,2021-07-30,GX,S,1,-,-,0.675,
S4,GRNB,RES,1,CIAR,Y,2021-07-21,2021-07-30,GX,M,1,17.14,8.84,8.3,
S4,GRNB,RES,5,DACA,N,2021-07-21,2021-07-30,GX,M,1,57.51,8.84,48.67,
S4,GRNB,RES,15,GEUR,N,2021-07-22,2021-07-30,GX,S,1,-,-,0.187,
S4,GRNB,RES,3,DACA,N,2021-07-21,2021-07-29,GX,M,1,30.19,8.84,21.35,
S4,GRNB,RES,3,DACA,N,2021-07-21,2021-07-30,GX,M,2,25.09,8.84,16.25,
S4,GRNB,RES,5,ERAN,N,2021-07-21,2021-07-30,GX,S,1,-,-,0.123,
S4,GRNB,RES,3,ERAN,N,2021-07-21,2021-07-30,GX,S,1,-,-,0.03,
S4,GRNB,RES,5,FRVI,N,2021-07-21,2021-07-30,GX,S,1,-,-,0.335,
S4,GRNB,RES,1,ERAN,Y,2021-07-21,2021-07-30,GX,S,1,-,-,0.925,
S4,GRNB,RES,3,FRVI,N,2021-07-21,2021-07-30,GX,S,1,-,-,0.012,
S4,GRNB,RES,5,GEAN,N,2021-07-21,2021-07-30,GX,S,1,-,-,0.48,
S4,GRNB,RES,1,HEGI,Y,2021-07-21,2021-07-30,GX,S,1,-,-,0.976,
S4,GRNB,RES,5,HEHE,N,2021-07-21,2021-07-30,GX,S,1,-,-,2.786,
S4,GRNB,RES,23,MELU,N,2021-07-23,2021-07-30,GX,M,1,12.16,8.84,3.32,
S4,GRNB,RES,3,LIVU,N,2021-07-21,2021-07-30,GX,S,1,-,-,2.606,
S4,GRNB,RES,3,LOCA,N,2021-07-21,2021-07-30,GX,S,1,-,-,0.154,
S4,GRNB,RES,3,MELU,N,2021-07-21,2021-07-30,GX,S,1,-,-,2.741,
S4,GRNB,RES,15,GEUR,N,2021-07-22,2021-08-12,MM,S,2,37.67,27.646,10.024,
S4,GRNB,RES,3,MOFI,N,2021-07-21,2021-07-30,GX,M,1,14.77,8.84,5.93,
S4,GRNB,RES,5,LOPE,N,2021-07-21,2021-08-06,GX,S,1,-,-,0.575,
S4,GRNB,RES,23,OEBI,N,2021-07-23,2021-07-30,GX,S,1,-,-,0.637,
S4,GRNB,RES,5,MOFI,N,2021-07-21,2021-07-30,GX,S,1,-,-,1.096,
S4,GRNB,RES,3,HEGI,N,2021-07-21,2021-07-29,GX,M,1,178.69,27.646,151.044,Originally labeled as PEHI (Penstemon hirstitus) but re-labeled as HEGI (Helianthus giganeus) - GX
S4,GRNB,RES,5,OEBI,N,2021-07-21,2021-07-30,GX,S,1,-,-,0.783,
S4,GRNB,RES,15,HEHE,N,2021-07-22,2021-07-30,GX,M,1,343.29,46.21,297.08,
S4,GRNB,RES,5,OXST,N,2021-07-21,2021-07-30,GX,S,1,-,-,0.013,
S4,GRNB,RES,3,HEGI,N,2021-07-21,2021-07-30,GX,S,2,-,-,0.018,Originally labeled as PEHI (Penstemon hirstitus) but re-labeled as HEGI (Helianthus giganeus) - GX
S4,GRNB,RES,1,HEGI,Y,2021-07-21,2021-07-30,GX,M,1,154.12,27.646,126.474,Originally labeled as PEHI (Penstemon hirstitus) but re-labeled as HEGI (Helianthus giganeus) - GX
S4,GRNB,RES,5,HEGI,N,2021-07-21,2021-07-29,GX,M,1,28.25,8.84,21.094,Originally labeled as PEHI (Penstemon hirstitus) but re-labeled as HEGI (Helianthus giganeus) - GX
S4,GRNB,RES,3,HEGI,N,2021-07-21,2021-07-30,GX,M,3,179.39,27.646,151.744,Originally labeled as PEHI (Penstemon hirstitus) but re-labeled as HEGI (Helianthus giganeus) - GX
S4,GRNB,RES,23,HEGI,N,2021-07-23,2021-07-30,GX,S,1,-,-,2.368,Originally labeled as PEHI (Penstemon hirstitus) but re-labeled as HEGI (Helianthus giganeus) - GX
S4,BNSH,RES,5,ASSY,N,2021-07-28,2021-07-30,GX,M,1,70.68,27.646,43.034,
S4,GRNB,RES,23,PLLA,N,2021-07-23,2021-07-30,GX,S,1,-,-,1.368,
S4,GRNB,RES,13,LIVU,Y,2021-07-22,2021-07-30,GX,M,1,15.09,8.84,6.25,
S4,GRNB,RES,23,PLMA,N,2021-07-23,2021-07-30,GX,S,1,-,-,0.694,
S4,GRNB,RES,11,LOPE,Y,2021-07-22,2021-07-30,GX,M,1,69.34,27.646,41.694,
S4,GRNB,RES,25,DACA,N,2021-07-23,2021-07-30,GX,S,1,-,-,2.318,
S4,GRNB,RES,1,PLLA,Y,2021-07-21,2021-07-30,GX,S,1,-,-,0.033,
S4,GRNB,RES,13,MELU,Y,2021-07-22,2021-07-29,GX,S,1,-,-,1.335,
S4,GRNB,RES,23,PRVU,N,2021-07-23,2021-07-30,GX,S,1,-,-,0.201,
S4,GRNB,RES,13,MELU,Y,2021-07-22,2021-07-30,GX,S,2,-,-,1.245,
S4,GRNB,RES,5,HEGI,N,2021-07-21,2021-07-29,GX,M,2,153.53,27.646,125.884,Originally labeled as PEHI (Penstemon hirstitus) but re-labeled as HEGI (Helianthus giganeus) - GX
S4,GRNB,RES,3,HEGI,N,2021-07-21,2021-07-30,GX,S,4,-,-,0.299,Originally labeled as PEHI (Penstemon hirstitus) but re-labeled as HEGI (Helianthus giganeus) - GX
S4,GRNB,RES,1,POPR,Y,2021-07-21,2021-07-29,GX,M,1,14.28,8.84,5.44,
S4,GRNB,RES,3,PLLA,N,2021-07-21,2021-07-30,GX,S,1,-,-,3.204,
S4,GRNB,RES,3,PRVU,N,2021-07-21,2021-07-30,GX,S,1,-,-,0.403,
S4,BNSH,RES,5,CEFO,N,2021-07-28,2021-08-06,GX,S,1,-,-,0.154,
S4,GRNB,RES,1,PRVU,Y,2021-07-21,2021-07-30,GX,S,1,-,-,0.064,
S4,GRNB,RES,3,RHTY,N,2021-07-21,2021-07-30,GX,S,1,-,-,0.831,
S4,GRNB,RES,13,MELU,Y,2021-07-22,2021-07-30,GX,S,3,-,-,1.218,
S4,GRNB,RES,15,MOFI,N,2021-07-22,2021-07-30,GX,M,1,11.11,8.84,2.27,
S4,GRNB,RES,3,RUHI,N,2021-07-21,2021-07-30,GX,S,1,-,-,0.178,
S4,GRNB,RES,15,MORU,N,2021-07-22,2021-07-30,GX,S,1,-,-,2.93,
S4,GRNB,RES,15,PRSE,N,2021-07-22,2021-07-30,GX,S,1,-,-,0.086,
S4,GRNB,RES,15,HEGI,N,2021-07-22,2021-07-29,GX,M,1,112.85,27.646,85.204,Originally labeled as PEHI (Penstemon hirstitus) but re-labeled as HEGI (Helianthus giganeus) - GX
S4,GRNB,RES,5,HEGI,N,2021-07-21,2021-07-30,GX,M,3,153.29,27.646,125.644,Originally labeled as PEHI (Penstemon hirstitus) but re-labeled as HEGI (Helianthus giganeus) - GX
S4,BNSH,RES,5,CIAR,N,2021-07-28,2021-07-30,GX,S,1,-,-,0.445,
S4,BNSH,RES,5,CIAR,N,2021-07-28,2021-08-06,GX,S,2,-,-,0.588,
S4,BNSH,RES,5,COTR,N,2021-07-28,2021-07-30,GX,M,1,25.21,8.84,16.37,
S4,BNSH,RES,5,DACA,N,2021-07-28,2021-08-06,GX,S,1,-,-,0.312,
S4,GRNB,RES,23,RHTY,N,2021-07-23,2021-07-30,GX,M,1,15.67,8.84,6.83,
S4,GRNB,RES,1,RUHI,Y,2021-07-21,2021-07-30,GX,M,1,16.18,8.84,7.34,
S4,GRNB,RES,23,RUHI,N,2021-07-23,2021-07-30,GX,M,1,12.72,8.84,3.88,
S4,GRNB,RES,23,SOSP,N,2021-07-23,2021-07-29,GX,M,1,391,27.646,363.354,
S4,GRNB,RES,5,PLLA,N,2021-07-21,2021-07-30,GX,S,1,-,-,1.951,
S4,GRNB,RES,25,MELU,N,2021-07-23,2021-07-30,GX,S,1,-,-,0.227,
S4,GRNB,RES,11,HEGI,Y,2021-07-22,2021-07-30,GX,M,1,21.27,8.84,12.43,Originally labeled as PEHI (Penstemon hirstitus) but re-labeled as HEGI (Helianthus giganeus) - GX
S4,GRNB,RES,3,SOAR,N,2021-07-21,2021-07-30,GX,S,1,-,-,0.482,
S4,GRNB,RES,1,SOSP,Y,2021-07-21,2021-07-29,GX,M,1,401.3,27.646,373.654,
S4,GRNB,RES,5,RUHI,N,2021-07-21,2021-07-30,GX,M,1,62.05,27.646,34.404,
S4,GRNB,RES,25,MELU,N,2021-07-23,2021-07-30,GX,S,2,-,-,0.686,
S4,GRNB,RES,11,PLLA,Y,2021-07-22,2021-07-30,GX,S,1,-,-,0.469,
S4,GRNB,RES,15,PLLA,N,2021-07-22,2021-07-30,GX,S,1,-,-,1.356,
S4,GRNB,RES,1,SOSP,Y,2021-07-21,2021-07-29,GX,M,2,54.61,27.646,26.964,
S4,GRNB,RES,23,TAOF,N,2021-07-23,2021-07-30,GX,S,1,-,-,0.861,
S4,GRNB,RES,3,SOSP,N,2021-07-21,2021-07-30,GX,M,1,412.71,27.646,385.064,
S4,GRNB,RES,23,TRPR,N,2021-07-23,2021-07-29,GX,M,1,36.22,8.84,27.38,
S4,GRNB,RES,13,PLLA,Y,2021-07-22,2021-07-30,GX,M,1,12.86,8.84,4.02,
S4,GRNB,RES,5,SOSP,N,2021-07-21,2021-07-29,GX,M,1,121.32,27.646,93.674,
S4,GRNB,RES,5,SOSP,N,2021-07-21,2021-07-30,GX,M,2,120.88,27.646,93.234,
S4,GRNB,RES,25,MELU,N,2021-07-23,2021-07-30,GX,S,3,-,-,2.318,
S4,GRNB,RES,25,MOFI,N,2021-07-23,2021-07-30,GX,M,1,21.72,8.84,12.88,
S4,GRNB,RES,25,OEBI,N,2021-07-23,2021-07-30,GX,S,1,-,-,1.104,
S4,GRNB,RES,25,HEGI,N,2021-07-23,2021-07-30,GX,M,1,23.96,8.84,15.12,Originally labeled as PEHI (Penstemon hirstitus) but re-labeled as HEGI (Helianthus giganeus) - GX
S4,GRNB,RES,5,MAPU,N,2021-07-21,2021-07-30,GX,S,1,-,-,1.083,"Originally labelled as ""SP30"" but relabelled as ""MAPU"" (Malus pumila) (GX)"
S4,GRNB,RES,23,VIRO,N,2021-07-23,2021-07-30,GX,M,1,13.76,8.84,4.92,
S4,GRNB,RES,15,PRVU,N,2021-07-22,2021-07-30,GX,S,1,-,-,0.78,
S4,GRNB,RES,1,TAOF,Y,2021-07-21,2021-07-30,GX,M,1,22,8.84,13.16,
S4,GRNB,RES,15,RHCA,N,2021-07-22,2021-07-30,GX,S,1,-,-,0.105,
S4,GRNB,RES,25,PLLA,N,2021-07-23,2021-07-30,GX,M,1,13.66,8.84,4.82,
S4,GRNB,RES,25,RUHI,N,2021-07-23,2021-07-30,GX,M,1,25.36,8.84,16.52,
S4,GRNB,RES,3,TAOF,N,2021-07-21,2021-07-30,GX,S,1,-,-,1.478,
S4,BNSH,RES,5,FERU,N,2021-07-28,2021-07-30,GX,M,1,61.76,27.646,39.129,
S4,BNSH,RES,5,HEGI,N,2021-07-28,2021-07-30,GX,M,1,76.63,27.646,48.984,
S4,BNSH,RES,5,HEHE,N,2021-07-28,2021-07-30,GX,M,1,147.59,27.646,119.944,
S4,BNSH,RES,5,LIVU,N,2021-07-28,2021-08-06,GX,S,1,-,-,0.97,
S4,BNSH,RES,5,LOPE,N,2021-07-28,2021-07-30,GX,S,1,-,-,2.578,
S4,BNSH,RES,5,MOFI,N,2021-07-28,2021-07-30,GX,M,3,126.79,46.21,80.58,
S4,GRNB,RES,5,ERAN,N,2021-07-21,2021-07-30,GX,S,1,-,-,0.074,"Origianlly labelled as ""SP31"" but relabelled as ""ERAN"" (GX)"
S4,BNSH,RES,5,MOFI,N,2021-07-28,2021-07-30,GX,M,2,109.37,27.646,81.724,
S4,GRNB,RES,15,RHTY,N,2021-07-22,2021-07-30,GX,S,1,-,-,1.994,
S4,GRNB,RES,3,TRPR,N,2021-07-21,2021-07-29,GX,M,1,44.02,8.84,35.18,
S4,GRNB,RES,15,RUHI,N,2021-07-22,2021-07-30,GX,M,1,14.92,8.84,6.08,
S4,GRNB,RES,15,SEVI,N,2021-07-22,2021-07-29,GX,M,1,65.85,27.646,38.204,
S4,BNSH,RES,5,MOFI,N,2021-07-28,2021-07-30,GX,M,1,66.59,27.646,38.944,
S4,BNSH,RES,5,POPR,N,2021-07-28,2021-07-30,GX,M,1,12.33,8.84,3.49,
S4,GRNB,RES,11,SOAR,Y,2021-07-22,2021-07-30,GX,S,1,-,-,1.522,
S4,GRNB,RES,25,SOAR,N,2021-07-23,2021-07-30,GX,S,1,-,-,0.137,
S4,GRNB,RES,11,SOSP,Y,2021-07-22,2021-07-29,GX,M,1,170.85,27.646,143.204,
S4,GRNB,RES,13,SOSP,Y,2021-07-22,2021-07-30,GX,M,1,234.21,27.646,206.564,
S4,GRNB,RES,11,SOSP,Y,2021-07-22,2021-07-30,GX,M,2,171.73,27.646,144.084,
S4,GRNB,RES,11,ERAN,Y,2021-07-22,2021-07-30,GX,S,1,-,-,0.243,"Originally labelled as ""SP09"" but relabelled as ""ERAN"" (GX)"
S4,GRNB,RES,11,TAOF,Y,2021-07-22,2021-07-29,GX,M,1,19.86,8.84,11.02,
S4,GRNB,RES,13,TAOF,Y,2021-07-22,2021-07-30,GX,S,1,-,-,2.875,
S4,GRNB,RES,1,TRPR,Y,2021-07-21,2021-07-30,GX,S,1,-,-,0.093,
S4,GRNB,RES,25,SOSP,N,2021-07-23,2021-07-30,GX,M,1,68.37,27.646,40.724,
S4,GRNB,RES,15,TAOF,N,2021-07-22,2021-07-30,GX,S,1,-,-,1.3,
S2,KENN,TIL,5,VEST,N,2021-07-09,2021-07-24,GX,S,1,-,-,0.03,
S4,GRNB,RES,5,TAOF,N,2021-07-21,2021-07-30,GX,S,1,-,-,0.767,
S4,GRNB,RES,3,VESE,N,2021-07-21,2021-07-30,GX,S,1,-,-,0.077,
S4,GRNB,RES,21,MELU,N,2021-07-23,2021-07-30,GX,S,1,-,-,0.26,
S4,GRNB,RES,11,TAOF,Y,2021-07-22,2021-07-30,GX,M,2,19.71,8.84,10.87,
S4,GRNB,RES,25,TAOF,N,2021-07-23,2021-07-30,GX,S,1,-,-,0.893,
S4,GRNB,RES,13,TRPR,Y,2021-07-22,2021-07-29,GX,M,1,87.76,27.646,60.114,
S4,GRNB,RES,1,VIRO,Y,2021-07-21,2021-07-30,GX,S,1,-,-,0.016,
S4,GRNB,RES,15,VESE,N,2021-07-22,2021-07-30,GX,S,1,-,-,0.092,
S4,GRNB,RES,25,TAOF,N,2021-07-23,2021-07-30,GX,S,2,-,-,0.259,
S4,GRNB,RES,21,HEGI,N,2021-07-23,2021-08-06,GX,M,1,82.81,27.646,55.164,Originally labeled as PEHI (Penstemon hirstitus) but re-labeled as HEGI (Helianthus giganeus) - GX
S2,KENN,TIL,11,FRVI,N,2021-07-10,2021-07-30,GX,S,1,-,-,0.861,
S4,GRNB,RES,21,PLLA,N,2021-07-23,2021-07-30,GX,S,1,-,-,0.894,
S4,GRNB,RES,21,POAV,N,2021-07-23,2021-07-30,GX,S,1,-,-,0.063,"Originally labeled as ""POAR"" but re-labeled as ""POAV"""
S4,GRNB,RES,21,RHTY,N,2021-07-23,2021-07-30,GX,M,1,23.56,8.84,14.72,
S4,GRNB,RES,21,RUHI,N,2021-07-23,2021-07-30,GX,S,1,-,-,1.427,
S4,GRNB,RES,21,SOSP,N,2021-07-23,2021-07-29,GX,M,1,252.61,27.646,224.964,
S4,GRNB,RES,21,SYLA,N,2021-07-23,2021-07-30,GX,M,1,41.16,27.646,13.514,
S4,GRNB,RES,13,VIRO,Y,2021-07-22,2021-07-30,GX,M,1,14.42,8.84,5.58,
S4,GRNB,RES,21,TAOF,N,2021-07-23,2021-07-29,GX,M,1,18.73,8.84,9.89,
S4,GRNB,RES,21,VESE,N,2021-07-23,2021-07-30,GX,S,1,-,-,0.414,
S4,GRNB,RES,25,VIRO,N,2021-07-23,2021-07-30,GX,S,1,-,-,0.031,
S2,TIMH,TIL,1,VEST,N,2021-07-02,2021-07-12,MM,M,2,12.84,8.84,4,
S4,BNSH,RES,3,FERU,N,2021-07-30,2021-08-06,GX,M,1,287.77,27.646,260.124,
S4,BNSH,RES,1,MOFI,N,2021-07-30,2021-08-06,GX,M,1,194.41,27.646,166.764,
S4,BNSH,RES,3,ANGE,N,2021-07-30,2021-08-06,GX,M,1,116.95,27.646,89.304,
S4,BNSH,RES,1,FERU,N,2021-07-30,2021-08-06,GX,M,1,194.48,27.646,166.834,
S4,BNSH,RES,3,MOFI,N,2021-07-30,2021-08-06,GX,M,1,23.28,8.84,14.44,
S4,BNSH,RES,3,CIAR,N,2021-07-30,2021-08-06,GX,S,1,-,-,3.785,
S4,GRNB,RES,5,TRPR,N,2021-07-21,2021-07-30,GX,S,1,-,-,0.206,
S4,BNSH,RES,3,HEGI,N,2021-07-30,2021-08-06,GX,S,1,-,-,0.702,
S4,BNSH,RES,3,TRPR,N,2021-07-30,2021-08-06,GX,S,1,-,-,0.68,
S4,BNSH,RES,3,TAOF,N,2021-07-30,2021-08-06,GX,M,1,13.77,8.84,4.93,
S4,BNSH,RES,3,DACA,N,2021-07-30,2021-08-06,GX,S,1,-,-,0.141,
S4,BNSH,RES,5,PYTE,N,2021-07-28,2021-07-30,GX,M,1,12.17,8.84,3.33,
S4,BNSH,RES,3,LIVU,N,2021-07-30,2021-08-06,GX,S,1,-,-,0.456,
S4,BNSH,RES,1,VIRO,N,2021-07-30,2021-08-06,GX,S,1,-,-,0.877,
S4,BNSH,RES,1,POPR,N,2021-07-30,2021-08-06,GX,S,1,-,-,0.451,
S4,BNSH,RES,3,HEHE,N,2021-07-30,2021-08-06,GX,S,1,-,-,1.114,
S4,BNSH,RES,1,VICR,N,2021-07-30,2021-08-06,GX,S,1,-,-,0.043,
S4,BNSH,RES,5,SIPE,N,2021-07-28,2021-07-30,GX,M,1,46.77,27.646,19.124,
S4,BNSH,RES,1,DACA,N,2021-07-30,2021-08-06,GX,S,1,-,-,0.365,
S4,BNSH,RES,1,TRPR,N,2021-07-30,2021-08-06,GX,S,1,-,-,0.129,
S4,BNSH,RES,1,LIVU,N,2021-07-30,2021-08-06,GX,S,1,-,-,1.308,
S4,BNSH,RES,5,SOSP,N,2021-07-28,2021-07-30,GX,M,1,70.45,27.646,42.804,
S4,BNSH,RES,5,TAOF,N,2021-07-28,2021-08-06,GX,S,1,-,-,2.73,
S4,BNSH,RES,5,VICR,N,2021-07-28,2021-08-06,GX,S,1,-,-,2.051,
S4,BNSH,RES,1,TAOF,N,2021-07-30,2021-08-06,GX,M,1,21.45,8.84,12.61,
S4,BNSH,RES,1,CIAR,N,2021-07-30,2021-08-06,GX,M,1,20.09,8.84,11.25,
S4,BNSH,RES,1,CAREX,N,2021-07-30,2021-08-06,GX,M,1,-,-,1.967,
S4,BNSH,RES,5,VIRO,N,2021-07-28,2021-07-30,GX,M,1,24.97,8.84,16.13,
S4,BNSH,RES,1,HEGI,N,2021-07-30,2021-08-06,GX,M,1,17.74,8.84,8.9,
S4,BNSH,RES,3,VICR,N,2021-07-30,2021-08-06,GX,M,1,15.66,8.84,6.82,
S4,BNSH,RES,3,SOSP,N,2021-07-30,2021-08-06,GX,S,1,-,-,6.256,
S4,BNSH,RES,5,VIRO,N,2021-07-28,2021-08-06,GX,M,2,17.09,8.84,8.25,
S4,GRNB,RES,21,VIRO,N,2021-07-23,2021-07-30,GX,S,1,-,-,0.104,
S4,BNSH,RES,23,ASSY,N,2021-08-04,2021-08-12,MM,M,1,-,-,0.01,
S4,BNSH,RES,23,CEFO,N,2021-08-04,2021-08-12,MM,M,1,-,-,0.021,
S4,BNSH,RES,23,CIAR,N,2021-08-04,2021-08-12,MM,S,1,24.28,8.84,15.44,
S4,BNSH,RES,13,ASTU,N,2021-08-04,2021-08-12,MM,S,1,10.04,8.84,1.2,
S4,BNSH,RES,13,FERU,N,2021-08-04,2021-08-08,GX,M,1,192.89,27.646,165.244,
S4,BNSH,RES,13,HEHE,N,2021-08-04,2021-08-12,MM,S,1,200.83,27.646,173.184,
S4,BNSH,RES,23,FERU,N,2021-08-04,2021-08-12,MM,S,1,15.07,8.84,6.23,
S4,BNSH,RES,23,HEGI,N,2021-08-04,2021-08-12,MM,S,1,60.62,9.14,51.48,
S4,BNSH,RES,13,LOPE,N,2021-08-04,2021-08-12,MM,M,1,-,-,0.429,
S4,BNSH,RES,11,CELO,N,2021-08-03,2021-08-08,GX,S,1,-,-,0.655,
S4,BNSH,RES,21,ACNE,N,2021-08-03,2021-08-08,GX,S,1,-,-,0.022,
S4,BNSH,RES,21,ASSU,N,2021-08-03,2021-08-08,GX,S,1,-,-,4.952,
S4,BNSH,RES,11,CIAR,N,2021-08-03,2021-08-08,GX,M,1,16.64,8.84,7.8,
S4,BNSH,RES,11,COTR,N,2021-08-03,2021-08-08,GX,S,1,-,-,0.115,
S4,BNSH,RES,21,CEFO,N,2021-08-03,2021-08-08,GX,S,1,-,-,0.428,
S4,BNSH,RES,21,CIAR,N,2021-08-03,2021-08-08,GX,S,1,-,-,0.097,
S4,BNSH,RES,21,ELRE,N,2021-08-03,2021-08-08,GX,M,1,12.02,8.84,3.18,
S4,BNSH,RES,21,FERU,N,2021-08-03,2021-08-08,GX,M,1,30.57,8.84,21.73,
S4,BNSH,RES,11,DACA,N,2021-08-03,2021-08-08,GX,M,1,20.35,8.84,11.51,
S4,BNSH,RES,21,HEGI,N,2021-08-03,2021-08-08,GX,M,1,19.09,8.84,10.25,
S4,BNSH,RES,11,DACA,N,2021-08-03,2021-08-08,GX,S,2,-,-,0.395,
S4,BNSH,RES,21,HEHE,N,2021-08-03,2021-08-08,GX,M,1,106.08,27.646,78.434,
S4,BNSH,RES,21,MELU,N,2021-08-03,2021-08-08,GX,S,1,-,-,0.277,
S4,BNSH,RES,21,MESA,N,2021-08-03,2021-08-08,GX,M,1,16.89,8.84,8.05,
S4,BNSH,RES,21,MOFI,N,2021-08-03,2021-08-08,GX,S,1,-,-,0.248,
S4,BNSH,RES,21,PLLA,N,2021-08-03,2021-08-08,GX,S,1,-,-,4.773,
S4,BNSH,RES,21,RABI,N,2021-08-03,2021-08-08,GX,M,1,131.14,27.646,103.494,Ratibida pinnata
S4,BNSH,RES,21,RUCR,N,2021-08-03,2021-08-08,GX,M,1,22.71,8.84,13.87,Rumex crispus
S4,BNSH,RES,21,RUHI,N,2021-08-03,2021-08-08,GX,M,1,15.31,8.84,6.47,
S4,BNSH,RES,21,SORI,N,2021-08-03,2021-08-08,GX,M,1,20.56,8.84,11.72,
S4,BNSH,RES,21,SOSP,N,2021-08-03,2021-08-08,GX,M,1,254.46,27.646,226.814,
S4,BNSH,RES,11,FERU,N,2021-08-03,2021-08-08,GX,S,1,-,-,4.677,
S4,BNSH,RES,21,SYNO,N,2021-08-03,2021-08-08,GX,S,1,-,-,7.124,
S4,BNSH,RES,11,HEGI,N,2021-08-03,2021-08-08,GX,S,1,-,-,1.165,
S4,BNSH,RES,21,TAOF,N,2021-08-03,2021-08-08,GX,S,1,-,-,3.265,
S4,BNSH,RES,21,TRPR,N,2021-08-03,2021-08-08,GX,S,1,-,-,1.72,
S4,BNSH,RES,11,MOFI,N,2021-08-03,2021-08-08,GX,M,1,99.64,27.646,71.994,
S4,BNSH,RES,11,OXST,N,2021-08-03,2021-08-08,GX,S,1,-,-,0.036,
S4,BNSH,RES,21,VICR,N,2021-08-03,2021-08-08,GX,M,1,27.05,8.84,18.21,
S4,BNSH,RES,11,RUHI,N,2021-08-03,2021-08-08,GX,M,1,13.66,8.84,4.82,
S4,BNSH,RES,11,SORI,N,2021-08-03,2021-08-08,GX,M,1,75.78,27.646,48.134,
S4,BNSH,RES,11,SOSP,N,2021-08-03,2021-08-08,GX,M,2,195.64,27.646,167.994,
S4,BNSH,RES,11,SOSP,N,2021-08-03,2021-08-08,GX,M,1,197.85,27.646,170.204,
S4,BNSH,RES,11,SYLA,N,2021-08-03,2021-08-08,GX,M,1,17.57,8.84,8.73,
S4,BNSH,RES,11,SYNO,N,2021-08-03,2021-08-08,GX,M,1,15.34,8.84,6.5,
S4,BNSH,RES,11,TAOF,N,2021-08-03,2021-08-08,GX,M,1,16.15,8.84,7.31,
S4,BNSH,RES,11,VICR,N,2021-08-03,2021-08-08,GX,M,1,39.05,8.84,30.21,
S4,BNSH,RES,21,VIRO,N,2021-08-03,2021-08-08,GX,S,1,-,-,0.223,
S4,BNSH,RES,3,ASSY,N,2021-07-30,2021-08-12,MM,S,1,141.22,27.646,113.574,
S4,BNSH,RES,3,SIPE,N,2021-07-30,2021-08-12,MM,S,1,210.46,27.646,182.814,
S4,BNSH,RES,25,CEFO,N,2021-08-05,2021-08-12,MM,M,1,-,-,0.257,
S4,BNSH,RES,25,CELO,N,2021-08-05,2021-08-12,MM,S,1,13.62,9.14,4.48,
S4,BNSH,RES,13,MOFI,N,2021-08-04,2021-08-12,MM,S,1,38.32,8.84,29.48,
S4,BNSH,RES,15,CAREX,N,2021-08-05,2021-08-12,MM,M,1,-,-,0.09,
S4,BNSH,RES,25,CIAR,N,2021-08-05,2021-08-12,MM,S,1,21.67,8.84,12.83,
S4,BNSH,RES,13,SIPE,N,2021-08-04,2021-08-08,GX,M,3,191.5,27.646,163.854,
S4,BNSH,RES,15,CIAR,N,2021-08-05,2021-08-12,MM,S,1,11.17,8.84,2.33,
S4,BNSH,RES,13,SIPE,N,2021-08-04,2021-08-08,GX,M,1,170.52,27.646,142.874,
S4,BNSH,RES,13,SIPE,N,2021-08-04,2021-08-12,MM,S,2,294.83,27.646,267.184,
S4,BNSH,RES,15,FERU,N,2021-08-05,2021-08-12,MM,S,1,183.05,27.646,155.404,
S4,BNSH,RES,15,HEGI,N,2021-08-05,2021-08-12,MM,S,1,52.23,27.646,24.584,
S4,BNSH,RES,25,COAR,N,2021-08-05,2021-08-12,MM,M,1,-,-,0.098,
S4,BNSH,RES,25,COCA,N,2021-08-05,2021-08-12,MM,M,1,-,-,0.514,
S4,BNSH,RES,25,DACA,N,2021-08-05,2021-08-12,MM,M,1,-,-,0.172,
S4,BNSH,RES,25,FERU,N,2021-08-05,2021-08-12,MM,S,1,13.39,8.84,4.55,
S4,BNSH,RES,23,LOPE,N,2021-08-04,2021-08-12,MM,M,1,-,-,3.915,
S4,BNSH,RES,23,MELU,N,2021-08-04,2021-08-12,MM,M,1,-,-,0.345,
S4,BNSH,RES,23,MOFI,N,2021-08-04,2021-08-08,GX,M,2,176.06,27.646,148.414,
S4,BNSH,RES,23,MOFI,N,2021-08-04,2021-08-08,GX,M,4,150.07,27.646,122.424,
S4,BNSH,RES,25,HEGI,N,2021-08-05,2021-08-12,MM,S,1,12.51,8.84,3.67,
S4,BNSH,RES,25,HEHE,N,2021-08-05,2021-08-12,MM,S,1,31.87,8.84,23.03,
S4,BNSH,RES,13,SIPE,N,2021-08-04,2021-08-12,MM,S,4,80.57,27.646,52.924,
S4,BNSH,RES,23,MOFI,N,2021-08-04,2021-08-08,GX,M,1,153.57,27.646,125.924,
S4,BNSH,RES,23,MOFI,N,2021-08-04,2021-08-08,GX,M,3,279.57,27.646,251.924,
S4,BNSH,RES,15,LOPE,N,2021-08-05,2021-08-12,MM,S,1,10.61,9.14,1.47,
S4,BNSH,RES,23,PYTE,N,2021-08-04,2021-08-12,MM,M,1,-,-,2.746,
S4,BNSH,RES,15,LOPE,N,2021-08-05,2021-08-12,MM,M,2,-,-,0.377,
S4,BNSH,RES,23,RUHI,N,2021-08-04,2021-08-12,MM,S,1,23,8.84,14.16,"Originally labeled as ""RUHE"" but relabeled as ""RUHI"" (GX)"
S4,BNSH,RES,13,TAOF,N,2021-08-04,2021-08-08,GX,S,1,-,-,0.707,
S4,BNSH,RES,25,LOPE,N,2021-08-05,2021-08-12,MM,S,1,30.49,8.84,21.65,
S4,BNSH,RES,23,SIPE,N,2021-08-04,2021-08-08,GX,M,1,179.16,27.646,151.514,
S4,BNSH,RES,13,TAOF,N,2021-08-04,2021-08-12,MM,S,2,11.13,8.84,2.29,
S4,GRNB,RES,15,VIRO,N,2021-07-22,2021-07-30,GX,S,1,-,-,0.305,
S4,BNSH,RES,25,MOFI,N,2021-08-05,2021-08-12,MM,M,1,-,-,0.151,
S4,BNSH,RES,23,MORU,N,2021-08-04,2021-08-12,MM,S,1,10.42,9.14,1.28,"Originally labelled as ""SP36"" but relabeled as ""MORU"" (Morus rubra)"
S4,BNSH,RES,13,VIRO,N,2021-08-04,2021-08-08,GX,S,1,-,-,0.009,
S4,BNSH,RES,15,MOFI,N,2021-08-05,2021-08-12,MM,M,1,-,-,0.448,
S4,BNSH,RES,25,OEBI,N,2021-08-05,2021-08-12,MM,M,1,-,-,0.182,
S4,BNSH,RES,15,SIPE,N,2021-08-05,2021-08-12,MM,S,1,64.45,27.646,36.804,
S4,BNSH,RES,25,OXST,N,2021-08-05,2021-08-12,MM,M,1,-,-,0.124,
S4,BNSH,RES,25,RUHI,N,2021-08-05,2021-08-12,MM,M,1,-,-,0.301,
S4,BNSH,RES,15,SOSP,N,2021-08-05,2021-08-12,MM,S,1,165.32,27.646,137.674,
S4,BNSH,RES,25,SOSP,N,2021-08-05,2021-08-12,MM,S,2,134.85,27.646,107.204,
S4,BNSH,RES,15,TAOF,N,2021-08-05,2021-08-12,MM,M,1,-,-,0.11,
S4,BNSH,RES,15,TRPR,N,2021-08-05,2021-08-12,MM,M,1,-,-,0.055,
S4,BNSH,RES,25,SIPE,N,2021-08-05,2021-08-12,MM,S,1,115.1,27.646,87.454,
S4,BNSH,RES,25,SOSP,N,2021-08-05,2021-08-12,MM,S,1,190.01,27.646,162.364,
S4,BNSH,RES,25,SYNO,N,2021-08-05,2021-08-12,MM,S,1,15.2,8.84,6.36,
S4,BNSH,RES,25,TAOF,N,2021-08-05,2021-08-12,MM,M,1,-,-,0.739,
S4,BNSH,RES,25,TRPR,N,2021-08-05,2021-08-12,MM,S,1,11.07,8.84,2.23,
S4,BNSH,RES,23,TRPR,N,2021-08-04,2021-08-12,MM,M,1,-,-,2.718,
S4,BNSH,RES,25,VICR,N,2021-08-05,2021-08-12,MM,M,1,-,-,0.129,
S4,BNSH,RES,15,VICR,N,2021-08-05,2021-08-12,MM,M,1,-,-,2.653,
S4,BNSH,RES,25,VIRO,N,2021-08-05,2021-08-12,MM,S,1,14.98,8.84,6.14,
S4,BNSH,RES,23,VICR,N,2021-08-04,2021-08-08,GX,M,1,35.44,8.84,26.6,
S4,BNSH,RES,23,VIRO,N,2021-08-04,2021-08-12,MM,S,1,11.33,8.84,2.49,
S4,BNSH,RES,15,VIRO,N,2021-08-05,2021-08-12,MM,S,1,13.14,8.84,4.3,
S4,DAVE,RES,11,PAVI,N,2021-08-10,2021-08-16,GX,M,1,-,-,3.7545,"Originally labeled as ""P15"" but relabeled as ""P11"" (GX)"
S4,DAVE,RES,13,TAOF,N,2021-08-10,2021-08-16,GX,M,1,-,-,1.2011,
S4,DAVE,RES,11,ANGE,N,2021-08-10,2021-08-16,GX,S,1,48.08,8.84,39.24,"Originally labeled as ""P15"" but relabeled as ""P11"" (GX)"
S4,DAVE,RES,11,ANGE,N,2021-08-10,2021-08-16,GX,S,2,32.44,8.84,23.6,"Originally labeled as ""P15"" but relabeled as ""P11"" (GX)"
S4,DAVE,RES,13,BRIN,N,2021-08-10,2021-08-16,GX,S,1,19.66,8.84,10.82,
S4,DAVE,RES,13,SCSC,N,2021-08-10,2021-08-16,GX,S,4,101.05,27.646,73.404,
S4,DAVE,RES,13,VIRI,N,2021-08-10,2021-08-16,GX,M,1,-,-,0.3403,
S4,DAVE,RES,11,RABI,N,2021-08-10,2021-08-16,GX,S,1,36.21,8.84,27.37,"Originally labeled as ""P15"" but relabeled as ""P11"" (GX)"
S4,DAVE,RES,13,SONU,N,2021-08-10,2021-08-16,GX,S,1,27.58,8.84,18.74,
S4,DAVE,RES,11,DECA,N,2021-08-10,2021-08-16,GX,S,1,39.58,8.84,30.74,"Originally labeled as ""P15"" but relabeled as ""P11"" (GX)"
S4,DAVE,RES,13,SCSC,N,2021-08-10,2021-08-16,GX,S,5,27.71,8.84,18.87,
S4,DAVE,RES,11,HEHE,N,2021-08-10,2021-08-16,GX,S,1,258.42,27.646,230.774,"Originally labeled as ""P15"" but relabeled as ""P11"" (GX)"
S4,DAVE,RES,11,LOPE,N,2021-08-10,2021-08-16,GX,M,1,-,-,0.1116,"Originally labeled as ""P15"" but relabeled as ""P11"" (GX)"
S4,DAVE,RES,11,SONU,N,2021-08-10,2021-08-16,GX,M,1,-,-,4.0986,"Originally labeled as ""P15"" but relabeled as ""P11"" (GX)"
S4,DAVE,RES,11,SIPE,N,2021-08-10,2021-08-16,GX,S,1,60.47,27.646,32.824,"Originally labeled as ""P15"" but relabeled as ""P11"" (GX)"
S4,DAVE,RES,11,HEHE,N,2021-08-10,2021-08-16,GX,S,1,16.5,8.84,7.66,"Originally labeled as ""P15"" but relabeled as ""P11"" (GX)"
S4,DAVE,RES,15,ANGE,N,2021-08-11,2021-08-16,GX,S,1,22.29,8.84,13.45,"Originally labeled as ""P11"" but relabeled as ""P15"" (GX)"
S4,DAVE,RES,15,SOSP,N,2021-08-11,2021-08-16,GX,M,1,-,-,5.6466,
S4,DAVE,RES,11,SCSC,N,2021-08-10,2021-08-16,GX,M,1,-,-,2.9579,"Originally labeled as ""P15"" but relabeled as ""P11"" (GX)"
S4,DAVE,RES,13,SCSC,N,2021-08-10,2021-08-16,GX,S,2,31.13,8.84,22.29,
S4,DAVE,RES,11,RHCA,N,2021-08-10,2021-08-16,GX,M,1,-,-,0.4154,"Originally labeled as ""P15"" but relabeled as ""P11"" (GX)"
S4,DAVE,RES,11,SONU,N,2021-08-10,2021-08-16,GX,M,1,-,-,0.5906,"Originally labeled as ""P15"" but relabeled as ""P11"" (GX)"
S4,DAVE,RES,15,FERU,N,2021-08-11,2021-08-16,GX,S,1,30.52,8.84,21.68,"Originally labeled as ""P11"" but relabeled as ""P15"" (GX)"
S4,DAVE,RES,15,RABI,N,2021-08-11,2021-08-16,GX,M,1,-,-,0.2172,"Originally labeled as ""P11"" but relabeled as ""P15"" (GX)"
S4,DAVE,RES,11,ECCR,N,2021-08-10,2021-08-16,GX,S,1,20.53,8.84,11.69,"Originally labeled as ""P15"" but relabeled as ""P11"" (GX)"
S4,DAVE,RES,13,CAREX,N,2021-08-10,2021-08-16,GX,M,1,-,-,2.7233,Could also be ANGE? (GX)
S4,DAVE,RES,11,ACSA,N,2021-08-10,2021-08-16,GX,M,1,-,-,0.1882,
S4,DAVE,RES,11,CIAR,N,2021-08-10,2021-08-16,GX,M,1,-,-,0.2286,
S4,DAVE,RES,11,DACA,N,2021-08-10,2021-08-16,GX,M,1,-,-,0.1061,
S4,DAVE,RES,11,VIRO,N,2021-08-10,2021-08-16,GX,M,1,-,-,0.1471,
S4,DAVE,RES,13,SCSC,N,2021-08-10,2021-08-16,GX,S,3,40.33,8.84,31.49,
S4,DAVE,RES,11,PEGL,N,2021-08-10,2021-08-16,GX,M,1,-,-,1.6215,
S4,DAVE,RES,15,HEHE,N,2021-08-11,2021-08-16,GX,M,1,-,-,0.4675,"Originally labeled as ""P11"" but relabeled as ""P15"" (GX)"
S4,DAVE,RES,13,SCSC,N,2021-08-10,2021-08-16,GX,S,6,59.14,27.646,31.494,
S4,DAVE,RES,11,COSE,N,2021-08-10,2021-08-16,GX,S,1,27.54,8.84,18.7,"Originally labeled as ""P15"" but relabeled as ""P11"" (GX)"
S4,DAVE,RES,13,VIRO,N,2021-08-10,2021-08-16,GX,M,1,-,-,0.0605,
S4,DAVE,RES,11,SOSP,N,2021-08-10,2021-08-16,GX,M,1,-,-,0.0671,"Originally labeled as ""P15"" but relabeled as ""P11"" (GX)"
S4,DAVE,RES,13,SOAR,N,2021-08-10,2021-08-16,GX,M,1,-,-,0.0197,
S4,DAVE,RES,13,RHCA,N,2021-08-10,2021-08-16,GX,M,1,-,-,0.2018,
S4,DAVE,RES,15,ASSY,N,2021-08-11,2021-08-16,GX,S,1,14.16,8.84,5.32,
S4,DAVE,RES,13,FERU,N,2021-08-10,2021-08-16,GX,S,1,89.54,27.646,61.894,
S4,DAVE,RES,15,ANGE,N,2021-08-11,2021-08-16,GX,S,4,199.89,27.646,172.244,"Originally labeled as ""P11"" but relabeled as ""P15"" (GX)"
S4,DAVE,RES,13,PAVI,N,2021-08-10,2021-08-16,GX,S,1,111.37,27.646,83.724,
S4,DAVE,RES,5,ANGE,N,2021-08-10,2021-08-16,GX,S,1,180.01,27.646,152.364,
S4,DAVE,RES,11,FERU,N,2021-08-10,2021-08-16,GX,M,1,-,-,3.8545,"Originally labeled as ""P15"" but relabeled as ""P11"" (GX)"
S4,DAVE,RES,11,HEHE,N,2021-08-10,2021-08-16,GX,S,1,230.38,27.646,202.734,
S4,DAVE,RES,5,ANGE,N,2021-08-11,2021-08-16,GX,S,4,214.31,27.646,186.664,"Originally labeled as ""P01"" but relabeled as ""P05"" (GX)"
S4,DAVE,RES,5,ANGE,N,2021-08-11,2021-08-16,GX,S,2,206.86,27.646,179.214,"Originally labeled as ""P01"" but relabeled as ""P05"" (GX)"
S4,DAVE,RES,11,CELO,N,2021-08-10,2021-08-16,GX,S,1,13.26,8.84,4.42,"Originally labeled as ""P15"" but relabeled as ""P11"" (GX)"
S4,DAVE,RES,13,HEHE,N,2021-08-10,2021-08-16,GX,M,1,-,-,2.8026,
S4,DAVE,RES,13,RHCA,N,2021-08-10,2021-08-16,GX,M,1,-,-,0.1844,
S4,DAVE,RES,5,ASSY,N,2021-08-11,2021-08-16,GX,M,1,-,-,0.5281,
S4,DAVE,RES,5,FERU,N,2021-08-11,2021-08-16,GX,S,1,71.86,27.646,44.214,"Originally labeled as ""P01"" but relabeled as ""P05"" (GX)"
S4,DAVE,RES,15,ANGE,N,2021-08-11,2021-08-16,GX,S,2,121.42,27.646,93.77,"Originally labeled as ""P11"" but relabeled as ""P15"" (GX)"
S4,DAVE,RES,15,ANGE,N,2021-08-11,2021-08-16,GX,S,3,183,27.646,155.35,
S4,DAVE,RES,5,DECA,N,2021-08-11,2021-08-16,GX,S,1,178.26,27.646,150.614,"Originally labeled as ""P01"" but relabeled as ""P05"" (GX)"
S4,DAVE,RES,11,ANGE,N,2021-08-10,2021-08-16,GX,S,1,44.86,8.84,36.02,
S4,DAVE,RES,13,SCSC,N,2021-08-10,2021-08-16,GX,S,1,47.76,8.84,38.92,
S4,DAVE,RES,13,CAREX,N,2021-08-10,2021-08-16,GX,S,1,21.05,8.84,12.21,Could also be ANGE (GX)
S4,DAVE,RES,11,RABI,N,2021-08-10,2021-08-16,GX,S,1,21.37,8.84,12.53,"Orignally labeled as ""P15"" but relabeled as ""P11"" (GX)"
S4,DAVE,RES,1,ANGE,N,2021-08-11,2021-08-16,GX,S,1,175.81,8.84,166.97,"Originally labeled as ""P01"" but relabeled as ""P05"" (GX)"
S4,DAVE,RES,15,ANGE,N,2021-08-11,2021-08-16,GX,S,1,92.66,27.646,65.014,"Originally labeled as ""P11"" but relabeled as ""P15"" (GX)"
S4,DAVE,RES,5,ANGE,N,2021-08-11,2021-08-16,GX,S,1,27.3,8.84,18.46,"Originally labeled as ""P01"" but relabeled as ""P05"" (GX). Bag also had the label ""baby ANGE?"" but was identified as ANGE based on the nodes on the stems and the ligules (GX)"
S4,DAVE,RES,13,SP37,N,2021-08-10,2021-08-16,GX,M,1,-,-,0.0036,
S4,DAVE,RES,13,DACA,N,2021-08-10,2021-08-16,GX,M,1,-,-,0.0121,
S4,DAVE,RES,5,VICR,N,2021-08-11,2021-08-16,GX,M,1,-,-,0.7187,"Originally labeled as ""P01"" but relabeled as ""P05"" (GX)"
S4,DAVE,RES,5,DACA,N,2021-08-11,2021-08-16,GX,M,1,-,-,0.0373,"Originally labeled as ""P01"" but relabeled as ""P05"" (GX)"
S4,DAVE,RES,11,RABI,N,2021-08-10,2021-08-16,GX,M,1,-,-,0.0784,"Originally labeled as ""P15"" but relabeled as ""P11"" (GX)"
S4,DAVE,RES,5,VIRO,N,2021-08-11,2021-08-16,GX,M,1,-,-,0.018,"Originally labeled as ""P01"" but relabeled as ""P05"" (GX)"
S4,DAVE,RES,15,VIRO,N,2021-08-11,2021-08-16,GX,M,1,-,-,0.1336,"Originally labeled as ""P11"" but relabeled as ""P15"" (GX)"
S4,DAVE,RES,13,CIAR,N,2021-08-10,2021-08-16,GX,M,1,-,-,0.1066,
S4,DAVE,RES,5,SOSP,N,2021-08-11,2021-08-16,GX,M,1,-,-,0.0462,"Originally labeled as ""P01"" but relabeled as ""P05"" (GX)"
S4,DAVE,RES,11,CAREX,N,2021-08-10,2021-08-16,GX,M,1,-,-,0.1978,Could also be ANGE (GX)
S4,DAVE,RES,5,CIAR,N,2021-08-11,2021-08-16,GX,M,1,-,-,0.3125,"Originally labeled as ""P01"" but relabeled as ""P05"" (GX)"
S4,DAVE,RES,15,MOFI,N,2021-08-11,2021-08-16,GX,M,1,-,-,0.0443,"Originally labeled as ""P11"" but labeled as ""P15"" (GX)"
S4,DAVE,RES,5,TAOF,N,2021-08-11,2021-08-16,GX,M,1,-,-,0.0555,"Originally labeled as ""P01"" but relabeled as ""P05"" (GX)"
S4,DAVE,RES,23,SIPE,N,2021-08-17,2021-08-25,MM,S,1,11.38,8.84,2.54,
S4,DAVE,RES,3,MOFI,N,2021-08-13,2021-08-25,MM,M,1,-,-,0.2386,
S4,DAVE,RES,3,TAOF,N,2021-08-13,2021-08-25,MM,M,1,-,-,0.9262,
S4,DAVE,RES,3,DACA,N,2021-08-13,2021-08-25,MM,M,1,-,-,0.1836,
S4,DAVE,RES,23,SCSC,N,2021-08-17,2021-08-25,MM,M,1,-,-,0.5228,
S4,DAVE,RES,1,FERU,N,2021-08-13,2021-08-25,MM,S,1,58.92,8.84,50.08,
S4,DAVE,RES,1,DACA,N,2021-08-13,2021-08-25,MM,M,1,-,-,0.0019,
S4,DAVE,RES,1,SIPE,N,2021-08-13,2021-08-25,MM,M,1,-,-,0.1954,
S4,DAVE,RES,1,OEBI,N,2021-08-13,2021-08-25,MM,M,1,-,-,0.0478,"Typo: Originally spelled ""OBEI"" and correctedt to ""OEBI"""
S4,DAVE,RES,23,LIVU,N,2021-08-17,2021-08-25,MM,S,1,9.31,8.84,0.47,
S4,DAVE,RES,23,FERU,N,2021-08-17,2021-08-25,MM,S,1,36.62,8.84,27.78,
S4,DAVE,RES,23,ASSY,N,2021-08-17,2021-08-25,MM,S,1,16.96,8.84,8.12,
S4,DAVE,RES,25,SONU,N,2021-08-17,2021-08-25,MM,S,1,10.77,8.84,1.93,
S4,DAVE,RES,25,FERU,N,2021-08-17,2021-08-25,MM,S,1,47.76,8.84,38.92,
S4,DAVE,RES,23,MOFI,N,2021-08-17,2021-08-25,MM,S,1,10.59,8.84,1.75,
S4,DAVE,RES,23,SOSP,N,2021-08-17,2021-08-25,MM,S,2,98.81,27.646,71.164,
S4,DAVE,RES,1,HEGI,N,2021-08-13,2021-08-25,MM,M,1,-,-,0.368,
S4,DAVE,RES,25,HEHE,N,2021-08-17,2021-08-25,MM,S,1,13.55,8.84,4.71,
S4,DAVE,RES,25,PAVI,N,2021-08-17,2021-08-25,MM,S,1,12.23,8.84,3.39,
S4,DAVE,RES,25,ANGE,N,2021-08-17,2021-08-25,MM,S,1,27.56,8.84,18.72,
S4,DAVE,RES,1,SOSP,N,2021-08-13,2021-08-25,MM,S,1,113.8,27.646,86.154,
S4,DAVE,RES,3,ANGE,N,2021-08-13,2021-08-25,MM,S,1,186.39,27.646,158.744,
S4,DAVE,RES,1,SOSP,N,2021-08-13,2021-08-25,MM,S,2,178.94,27.646,151.294,
S4,DAVE,RES,1,ASSY,N,2021-08-13,2021-08-25,MM,S,1,50.35,27.646,22.704,
S4,DAVE,RES,3,VIRO,N,2021-08-13,2021-08-25,MM,M,1,-,-,1.5128,
S4,DAVE,RES,3,CIAR,N,2021-08-13,2021-08-25,MM,S,1,21.15,8.84,12.31,
S4,DAVE,RES,3,TRPR,N,2021-08-13,2021-08-25,MM,M,1,-,-,0.0077,
S4,DAVE,RES,3,OXST,N,2021-08-13,2021-08-25,MM,M,1,-,-,0.0062,
S4,DAVE,RES,1,ANGE,N,2021-08-13,2021-08-25,MM,S,1,15.46,8.84,6.62,
S4,DAVE,RES,3,ANGE,N,2021-08-13,2021-08-25,MM,S,1,11.35,8.84,2.51,
S4,DAVE,RES,1,VIRO,N,2021-08-13,2021-08-25,MM,M,1,-,-,0.0357,
S4,DAVE,RES,1,MOFI,N,2021-08-13,2021-08-25,MM,S,1,10.62,8.84,1.78,
S4,DAVE,RES,1,TAOF,N,2021-08-13,2021-08-25,MM,M,1,-,-,0.1666,
S4,DAVE,RES,1,CIAR,N,2021-08-13,2021-08-25,MM,S,1,11.64,8.84,2.8,
S4,DAVE,RES,21,SONU,N,2021-08-18,2021-08-25,MM,S,1,62.02,27.646,34.374,
S4,DAVE,RES,1,SONU,N,2021-08-13,2021-08-25,MM,S,1,11.44,8.84,2.6,
S4,DAVE,RES,1,PAVI,N,2021-08-13,2021-08-25,MM,M,1,-,-,0.3989,
S4,DAVE,RES,3,SOSP,N,2021-08-13,2021-08-25,MM,S,1,159.25,27.646,131.604,
S4,DAVE,RES,23,SP38,N,2021-08-17,2021-08-25,MM,M,1,-,-,0.063,
S4,DAVE,RES,25,MOFI,N,2021-08-17,2021-08-25,MM,M,1,-,-,0.0916,
S4,DAVE,RES,25,TAOF,N,2021-08-17,2021-08-25,MM,M,1,-,-,0.0376,
S4,DAVE,RES,23,SP39,N,2021-08-17,2021-08-25,MM,M,1,-,-,0.0098,
S4,DAVE,RES,3,PAVI,N,2021-08-13,2021-08-25,MM,S,1,160.3,27.646,132.654,
S4,DAVE,RES,25,SCSC,N,2021-08-17,2021-08-25,MM,S,1,75.33,27.646,47.684,
S4,DAVE,RES,23,ANGE,N,2021-08-17,2021-08-25,MM,S,1,137.03,27.646,109.384,
S4,DAVE,RES,1,ANGE,N,2021-08-13,2021-08-25,MM,S,1,147.21,27.646,119.564,
S4,DAVE,RES,1,SOSP,N,2021-08-13,2021-08-25,MM,S,3,180.29,27.646,152.644,
S4,DAVE,RES,23,SOSP,N,2021-08-17,2021-08-25,MM,S,1,130.19,27.646,102.544,
S4,DAVE,RES,3,FERU,N,2021-08-13,2021-08-25,GX,S,1,83.53,9.14,74.39,
S4,DAVE,RES,21,FERU,N,2021-08-18,2021-08-25,GX,S,1,38.07,8.84,29.23,
S4,DAVE,RES,21,ASSY,N,2021-08-18,2021-08-25,GX,M,1,-,-,1.5694,
S4,DAVE,RES,21,PAVI,N,2021-08-18,2021-08-25,MM,S,1,12.99,8.84,4.15,
S4,DAVE,RES,21,HEHE,N,2021-08-18,2021-08-25,MM,M,1,-,-,0.1657,
S4,DAVE,RES,21,SOSP,N,2021-08-18,2021-08-25,MM,M,1,-,-,0.2436,
S4,DAVE,RES,23,MOFI,N,2021-08-17,2021-08-25,MM,M,1,-,-,0.0314,
S4,DAVE,RES,23,VIRO,N,2021-08-17,2021-08-25,MM,M,1,-,-,0.0122,
S4,DAVE,RES,23,LIVU,N,2021-08-17,2021-08-25,MM,M,1,-,-,0.0808,
S4,DAVE,RES,21,VIRO,N,2021-08-18,2021-08-25,MM,S,1,12.55,8.84,3.71,
S4,DAVE,RES,21,VICR,N,2021-08-18,2021-08-25,MM,M,1,-,-,0.8047,
S4,DAVE,RES,3,HEHE,N,2021-08-13,2021-08-25,MM,S,1,110.78,27.646,83.134,
S4,DAVE,RES,3,ASSY,N,2021-08-13,2021-08-25,MM,S,1,43.55,27.646,15.904,
S4,DAVE,RES,21,MOFI,N,2021-08-18,2021-08-25,MM,S,1,106.16,27.646,78.514,
S4,DAVE,RES,21,ANGE,N,2021-08-18,2021-08-25,MM,S,3,170.46,27.646,142.814,
S4,DAVE,RES,21,ANGE,N,2021-08-18,2021-08-25,MM,S,2,210.84,27.646,183.194,
S4,DAVE,RES,21,ANGE,N,2021-08-18,2021-08-25,MM,S,1,180.45,27.646,152.804,
S4,DAVE,RES,21,ANGE,N,2021-08-18,2021-08-25,MM,S,4,63.33,27.646,35.684,