"","section","site","treatment","plot","spp_code","biomass_g","exotic_native","seed_mix_1_2","invasive_status","status"
"1","S2","TIMH","TIL",1,"CEFO",29.5,"E",NA,NA,"SE"
"2","S2","TIMH","TIL",3,"CHAL",7.12,"E",NA,NA,"SE"
"3","S2","TIMH","TIL",1,"COAR",3.2,"E",NA,"I","SI"
"4","S2","TIMH","TIL",1,"DACA",0.466,"E",NA,"I","SI"
"5","S2","TIMH","TIL",1,"ECCR",1.243,"E",NA,NA,"SE"
"6","S2","TIMH","TIL",1,"FRVI",0.23,"N",NA,NA,"SN"
"7","S2","TIMH","TIL",1,"MELU",5.96,"E",NA,NA,"SE"
"8","S2","TIMH","TIL",1,"MOFI",0.128,"N","Yes",NA,"SM"
"9","S2","TIMH","TIL",1,"OEBI",8.05,"N","Yes",NA,"SM"
"10","S2","TIMH","TIL",1,"OXST",0.14,"N",NA,NA,"SN"
"11","S2","TIMH","TIL",1,"PACA",0.262,"N",NA,NA,"SN"
"12","S2","TIMH","TIL",1,"PACA",18.84,"N",NA,NA,"SN"
"13","S2","TIMH","TIL",1,"PLMA",0.948,"E",NA,"I","SI"
"14","S2","TIMH","TIL",1,"RUHI",0.077,"N","Yes",NA,"SM"
"15","S2","TIMH","TIL",1,"SEVI",9.46,"E",NA,NA,"SE"
"16","S2","TIMH","TIL",11,"SP10",0.431,NA,NA,NA,"U"
"17","S2","TIMH","TIL",1,"BESP",2.406,NA,NA,NA,"U"
"18","S2","TIMH","TIL",1,"VEST",1.08,"N","No",NA,"SN"
"19","S2","TIMH","TIL",3,"PEGL",17.65,"E",NA,NA,"SE"
"20","S2","TIMH","TIL",3,"HEHE",0.318,"N","Yes",NA,"SM"
"21","S2","TIMH","TIL",3,"BESP",0.25,NA,NA,NA,"U"
"22","S2","TIMH","TIL",3,"PLMA",17.18,"E",NA,"I","SI"
"23","S2","TIMH","TIL",3,"POAV",30.14,"N",NA,NA,"SN"
"24","S2","TIMH","TIL",3,"ECCR",78.8,"E",NA,NA,"SE"
"25","S2","TIMH","TIL",3,"AVSA",29.45,"E",NA,NA,"SE"
"26","S2","TIMH","TIL",3,"SOAR",9.84,"E",NA,NA,"SE"
"27","S2","TIMH","TIL",3,"RUHI",3.91,"N","Yes",NA,"SM"
"28","S2","TIMH","TIL",3,"AMAR",19.06,"N",NA,NA,"SN"
"29","S2","TIMH","TIL",3,"DACA",0.862,"E",NA,"I","SI"
"30","S2","TIMH","TIL",3,"CHAL",22.37,"E",NA,NA,"SE"
"31","S2","TIMH","TIL",3,"OEBI",62.24,"N","Yes",NA,"SM"
"32","S2","TIMH","TIL",3,"MOFI",1.231,"N","Yes",NA,"SM"
"33","S2","TIMH","TIL",3,"OXST",2.22,"N",NA,NA,"SN"
"34","S2","VICP","TIL",23,"ACNE",0.08,"N",NA,NA,"SN"
"35","S2","VICP","TIL",11,"AGST",1.329,"E",NA,NA,"SE"
"36","S2","TIMH","TIL",3,"TRPR",1.76,"E",NA,"I","SI"
"37","S2","TIMH","TIL",3,"MELU",3.17,"E",NA,NA,"SE"
"38","S2","TIMH","TIL",13,"SP10",0.492,NA,NA,NA,"U"
"39","S2","TIMH","TIL",3,"SIAL",301.53,"E",NA,NA,"SE"
"40","S2","TIMH","TIL",3,"SOSP",6.25,"N",NA,NA,"SN"
"41","S2","TIMH","TIL",3,"CHGL",35.054,"N",NA,NA,"SN"
"42","S2","TIMH","TIL",3,"FRVI",0.321,"N",NA,NA,"SN"
"43","S2","VICP","TIL",23,"AGST",0.279,"E",NA,NA,"SE"
"44","S2","VICP","TIL",23,"AGST",13.31,"E",NA,NA,"SE"
"45","S2","VICP","TIL",25,"AGST",0.75,"E",NA,NA,"SE"
"46","S2","VICP","TIL",25,"AGST",0.238,"E",NA,NA,"SE"
"47","S2","VICP","TIL",13,"ASSY",0.055,"N","No",NA,"SN"
"48","S2","VICP","TIL",23,"ASSY",0.135,"N","No",NA,"SN"
"49","S2","VICP","TIL",25,"ASSY",0.077,"N","No",NA,"SN"
"50","S2","VICP","TIL",11,"AVSA",0.343,"E",NA,NA,"SE"
"51","S2","VICP","TIL",13,"AVSA",8.34,"E",NA,NA,"SE"
"52","S2","VICP","TIL",13,"AVSA",0.91,"E",NA,NA,"SE"
"53","S2","VICP","TIL",15,"BRIN",0.698,"E",NA,NA,"SE"
"54","S2","VICP","TIL",13,"BRTE",0.107,"E",NA,NA,"SE"
"55","S2","VICP","TIL",1,"CEFO",0.265,"E",NA,NA,"SE"
"56","S2","VICP","TIL",3,"CEFO",1.121,"E",NA,NA,"SE"
"57","S2","VICP","TIL",5,"CEFO",151.574,"E",NA,NA,"SE"
"58","S2","VICP","TIL",11,"CEFO",44.984,"E",NA,NA,"SE"
"59","S2","VICP","TIL",13,"CEFO",31.08,"E",NA,NA,"SE"
"60","S2","VICP","TIL",21,"CEFO",152.684,"E",NA,NA,"SE"
"61","S2","VICP","TIL",21,"CEFO",64.784,"E",NA,NA,"SE"
"62","S2","VICP","TIL",23,"CEFO",115.894,"E",NA,NA,"SE"
"63","S2","VICP","TIL",25,"CEFO",319.354,"E",NA,NA,"SE"
"64","S2","VICP","TIL",5,"CHAL",25.384,"E",NA,NA,"SE"
"65","S2","VICP","TIL",13,"CHAL",0.353,"E",NA,NA,"SE"
"66","S2","VICP","TIL",15,"CHAL",19.244,"E",NA,NA,"SE"
"67","S2","VICP","TIL",21,"CHAL",90.294,"E",NA,NA,"SE"
"68","S2","VICP","TIL",1,"DACA",0.986,"E",NA,"I","SI"
"69","S2","VICP","TIL",5,"DACA",0.547,"E",NA,"I","SI"
"70","S2","VICP","TIL",11,"DACA",0.593,"E",NA,"I","SI"
"71","S2","VICP","TIL",13,"DACA",6.58,"E",NA,"I","SI"
"72","S2","TIMH","TIL",3,"VEST",5.231,"N","No",NA,"SN"
"73","S2","VICP","TIL",21,"DACA",4.98,"E",NA,"I","SI"
"74","S2","VICP","TIL",23,"DACA",0.03,"E",NA,"I","SI"
"75","S2","TIMH","TIL",3,"TAOF",2.614,"E",NA,"I","SI"
"76","S2","VICP","TIL",1,"ECCR",1.19,"E",NA,NA,"SE"
"77","S2","TIMH","TIL",3,"COCA",0.49,"N",NA,NA,"SN"
"78","S2","TIMH","TIL",5,"ACNE",0.44,"N",NA,NA,"SN"
"79","S2","TIMH","TIL",5,"ASSY",0.354,"N","No",NA,"SN"
"80","S2","VICP","TIL",3,"ECCR",0.9,"E",NA,NA,"SE"
"81","S2","TIMH","TIL",5,"AVSA",5.27,"E",NA,NA,"SE"
"82","S2","TIMH","TIL",5,"BRIN",0.784,"E",NA,NA,"SE"
"83","S2","TIMH","TIL",5,"CEFO",15.89,"E",NA,NA,"SE"
"84","S2","TIMH","TIL",5,"COAR",69.97,"E",NA,"I","SI"
"85","S2","TIMH","TIL",5,"ECCR",2.85,"E",NA,NA,"SE"
"86","S2","TIMH","TIL",5,"FRVI",0.273,"N",NA,NA,"SN"
"87","S2","TIMH","TIL",5,"LOPE",1.223,"E",NA,NA,"SE"
"88","S2","TIMH","TIL",5,"MOFI",1.958,"N","Yes",NA,"SM"
"89","S2","TIMH","TIL",5,"OEBI",60.404,"N","Yes",NA,"SM"
"90","S2","TIMH","TIL",5,"OXST",4.944,"N",NA,NA,"SN"
"91","S2","TIMH","TIL",5,"PEGL",0.625,"E",NA,NA,"SE"
"92","S2","VICP","TIL",3,"ECCR",0.432,"E",NA,NA,"SE"
"93","S2","VICP","TIL",5,"ECCR",4.35,"E",NA,NA,"SE"
"94","S2","VICP","TIL",11,"ECCR",0.624,"E",NA,NA,"SE"
"95","S2","VICP","TIL",13,"ECCR",6.73,"E",NA,NA,"SE"
"96","S2","VICP","TIL",15,"ECCR",2.5,"E",NA,NA,"SE"
"97","S2","VICP","TIL",21,"ECCR",2.21,"E",NA,NA,"SE"
"98","S2","VICP","TIL",21,"ECCR",3.95,"E",NA,NA,"SE"
"99","S2","VICP","TIL",23,"ECCR",5.61,"E",NA,NA,"SE"
"100","S2","VICP","TIL",23,"ECCR",0.503,"E",NA,NA,"SE"
"101","S2","VICP","TIL",23,"ECCR",6.61,"E",NA,NA,"SE"
"102","S2","VICP","TIL",25,"ECCR",23.76,"E",NA,NA,"SE"
"103","S2","TIMH","TIL",5,"RUHI",6.46,"N","Yes",NA,"SM"
"104","S2","TIMH","TIL",5,"SEVI",5.44,"E",NA,NA,"SE"
"105","S2","TIMH","TIL",5,"SIAL",55.8,"E",NA,NA,"SE"
"106","S2","TIMH","TIL",5,"SOSP",2.286,"N",NA,NA,"SN"
"107","S2","TIMH","TIL",21,"SP10",0.546,NA,NA,NA,"U"
"108","S2","KENN","TIL",1,"MOFI",0.029,"N","Yes",NA,"SM"
"109","S2","TIMH","TIL",25,"SP10",0.772,NA,NA,NA,"U"
"110","S2","KENN","TIL",15,"AVSA",11.37,"E",NA,NA,"SE"
"111","S2","TIMH","TIL",5,"TAOF",3.9,"E",NA,"I","SI"
"112","S2","VICP","TIL",25,"ECCR",0.244,"E",NA,NA,"SE"
"113","S2","VICP","TIL",25,"ECCR",5.2,"E",NA,NA,"SE"
"114","S2","TIMH","TIL",5,"TRPR",14.64,"E",NA,"I","SI"
"115","S2","VICP","TIL",3,"ELHY",3.68,"N",NA,NA,"SN"
"116","S2","TIMH","TIL",5,"VEST",0.065,"N","No",NA,"SN"
"117","S2","TIMH","TIL",5,"VEST",13.75,"N","No",NA,"SN"
"118","S2","TIMH","TIL",11,"SP41",1.317,NA,NA,NA,"U"
"119","S2","TIMH","TIL",11,"CEFO",0.601,"E",NA,NA,"SE"
"120","S2","TIMH","TIL",11,"VEST",2.479,"N","No",NA,"SN"
"121","S2","TIMH","TIL",11,"AGST",5.78,"E",NA,NA,"SE"
"122","S2","TIMH","TIL",11,"AVSA",12.12,"E",NA,NA,"SE"
"123","S2","TIMH","TIL",11,"COCA",0.277,"N",NA,NA,"SN"
"124","S2","TIMH","TIL",11,"DACA",4.46,"E",NA,"I","SI"
"125","S2","TIMH","TIL",11,"FRVI",0.173,"N",NA,NA,"SN"
"126","S2","TIMH","TIL",11,"FRVI",0.276,"N",NA,NA,"SN"
"127","S2","TIMH","TIL",11,"LOPE",1.405,"E",NA,NA,"SE"
"128","S2","VICP","TIL",15,"ELHY",0.497,"N",NA,NA,"SN"
"129","S2","TIMH","TIL",11,"MELU",23.7,"E",NA,NA,"SE"
"130","S2","TIMH","TIL",11,"MOFI",0.292,"N","Yes",NA,"SM"
"131","S2","TIMH","TIL",11,"OEBI",7.42,"N","Yes",NA,"SM"
"132","S2","TIMH","TIL",11,"OXST",4.64,"N",NA,NA,"SN"
"133","S2","VICP","TIL",15,"FRVI",0.363,"N",NA,NA,"SN"
"134","S2","VICP","TIL",11,"SP40",0.2,NA,NA,NA,"U"
"135","S2","TIMH","TIL",11,"PACA",1.023,"N",NA,NA,"SN"
"136","S2","VICP","TIL",13,"SP40",0.094,NA,NA,NA,"U"
"137","S2","TIMH","TIL",11,"RUHI",13.4,"N","Yes",NA,"SM"
"138","S2","TIMH","TIL",11,"SEVI",23.26,"E",NA,NA,"SE"
"139","S2","TIMH","TIL",11,"SOSP",0.876,"N",NA,NA,"SN"
"140","S2","TIMH","TIL",25,"SP10",0.371,NA,NA,NA,"U"
"141","S2","VICP","TIL",13,"SP41",0.37,NA,NA,NA,"U"
"142","S2","VICP","TIL",23,"SP11",0.091,NA,NA,NA,"U"
"143","S2","VICP","TIL",21,"SP41",0.206,NA,NA,NA,"U"
"144","S2","VICP","TIL",25,"SP11",0.073,NA,NA,NA,"U"
"145","S2","TIMH","TIL",11,"ACSA",0.322,"N",NA,NA,"SN"
"146","S2","VICP","TIL",11,"LIVU",0.171,"E",NA,"I","SI"
"147","S2","TIMH","TIL",11,"VEOF",0.571,"E",NA,NA,"SE"
"148","S2","TIMH","TIL",11,"VEOF",0.31,"E",NA,NA,"SE"
"149","S2","VICP","TIL",1,"MELU",108.534,"E",NA,NA,"SE"
"150","S2","TIMH","TIL",11,"BESP",1.796,NA,NA,NA,"U"
"151","S2","VICP","TIL",3,"MELU",79.284,"E",NA,NA,"SE"
"152","S2","VICP","TIL",25,"SP11",0.037,NA,NA,NA,"U"
"153","S2","VICP","TIL",5,"MELU",71.454,"E",NA,NA,"SE"
"154","S2","TIMH","TIL",11,"TAOF",0.178,"E",NA,"I","SI"
"155","S2","TIMH","TIL",11,"TRPR",5.23,"E",NA,"I","SI"
"156","S2","TIMH","TIL",13,"ACNE",2.58,"N",NA,NA,"SN"
"157","S2","VICP","TIL",11,"MELU",62.904,"E",NA,NA,"SE"
"158","S2","VICP","TIL",13,"MELU",184.724,"E",NA,NA,"SE"
"159","S2","VICP","TIL",15,"MELU",94.114,"E",NA,NA,"SE"
"160","S2","TIMH","TIL",13,"AGST",3.88,"E",NA,NA,"SE"
"161","S2","VICP","TIL",21,"MELU",155.084,"E",NA,NA,"SE"
"162","S2","TIMH","TIL",13,"AVSA",21.92,"E",NA,NA,"SE"
"163","S2","TIMH","TIL",13,"CEFO",37.55,"E",NA,NA,"SE"
"164","S2","TIMH","TIL",13,"CHAL",9.51,"E",NA,NA,"SE"
"165","S2","TIMH","TIL",13,"ECCR",2.18,"E",NA,NA,"SE"
"166","S2","TIMH","TIL",13,"ECCR",13.31,"E",NA,NA,"SE"
"167","S2","TIMH","TIL",13,"FRVI",0.093,"N",NA,NA,"SN"
"168","S2","TIMH","TIL",13,"MELU",10.59,"E",NA,NA,"SE"
"169","S2","TIMH","TIL",13,"MOFI",1.15,"N","Yes",NA,"SM"
"170","S2","TIMH","TIL",13,"OEBI",25,"N","Yes",NA,"SM"
"171","S2","TIMH","TIL",13,"OXST",28.44,"N",NA,NA,"SN"
"172","S2","TIMH","TIL",13,"PACA",4.02,"N",NA,NA,"SN"
"173","S2","TIMH","TIL",13,"PELA",98.074,"E",NA,NA,"SE"
"174","S2","TIMH","TIL",13,"PLMA",27.37,"E",NA,"I","SI"
"175","S2","TIMH","TIL",13,"RUHI",11.02,"N","Yes",NA,"SM"
"176","S2","TIMH","TIL",13,"SEVI",2.11,"E",NA,NA,"SE"
"177","S2","TIMH","TIL",13,"SOAR",120.984,"E",NA,NA,"SE"
"178","S2","TIMH","TIL",13,"SOSP",2.16,"N",NA,NA,"SN"
"179","S2","TIMH","TIL",1,"SP12",0.348,NA,NA,NA,"U"
"180","S2","TIMH","TIL",3,"SP12",0.476,NA,NA,NA,"U"
"181","S2","TIMH","TIL",13,"HEHE",1.03,"N","Yes",NA,"SM"
"182","S2","TIMH","TIL",13,"ERAN",0.318,"N",NA,NA,"SN"
"183","S2","TIMH","TIL",5,"SP12",0.11,NA,NA,NA,"U"
"184","S2","TIMH","TIL",13,"HEHE",1.42,"N","Yes",NA,"SM"
"185","S2","TIMH","TIL",13,"TAOF",0.121,"E",NA,"I","SI"
"186","S2","TIMH","TIL",13,"TRPR",18.23,"E",NA,"I","SI"
"187","S2","TIMH","TIL",13,"VEST",4.5,"N","No",NA,"SN"
"188","S2","TIMH","TIL",15,"AMAR",76.184,"N",NA,NA,"SN"
"189","S2","TIMH","TIL",15,"PLMA",1.063,"E",NA,"I","SI"
"190","S2","TIMH","TIL",15,"FRVI",0.103,"N",NA,NA,"SN"
"191","S2","TIMH","TIL",15,"VEST",0.793,"N","No",NA,"SN"
"192","S2","VICP","TIL",23,"MELU",190.994,"E",NA,NA,"SE"
"193","S2","VICP","TIL",25,"MELU",19.15,"E",NA,NA,"SE"
"194","S2","VICP","TIL",1,"OEBI",2.437,"N","Yes",NA,"SM"
"195","S2","VICP","TIL",3,"OEBI",1.15,"N","Yes",NA,"SM"
"196","S2","VICP","TIL",5,"OEBI",5.04,"N","Yes",NA,"SM"
"197","S2","TIMH","TIL",15,"ASSY",0.167,"N","No",NA,"SN"
"198","S2","TIMH","TIL",11,"SP12",1.375,NA,NA,NA,"U"
"199","S2","VICP","TIL",11,"OEBI",23.42,"N","Yes",NA,"SM"
"200","S2","VICP","TIL",13,"OEBI",13.4,"N","Yes",NA,"SM"
"201","S2","VICP","TIL",15,"OEBI",4.702,"N","Yes",NA,"SM"
"202","S2","TIMH","TIL",15,"PACA",0.597,"N",NA,NA,"SN"
"203","S2","KENN","TIL",1,"VEST",0.047,"N","No",NA,"SN"
"204","S2","VICP","TIL",21,"OEBI",8.06,"N","Yes",NA,"SM"
"205","S2","TIMH","TIL",13,"SP12",0.506,NA,NA,NA,"U"
"206","S2","KENN","TIL",15,"CEFO",2.848,"E",NA,NA,"SE"
"207","S2","KENN","TIL",15,"CHAL",66.954,"E",NA,NA,"SE"
"208","S2","KENN","TIL",1,"FRVI",0.104,"N",NA,NA,"SN"
"209","S2","TIMH","TIL",15,"AGST",29.14,"E",NA,NA,"SE"
"210","S2","VICP","TIL",23,"ORAS",2.2,"N",NA,NA,"SN"
"211","S2","TIMH","TIL",15,"CEFO",91.684,"E",NA,NA,"SE"
"212","S2","VICP","TIL",3,"OXST",3.22,"N",NA,NA,"SN"
"213","S2","KENN","TIL",15,"DISA",1.168,"E",NA,NA,"SE"
"214","S2","KENN","TIL",15,"ECCR",0.198,"E",NA,NA,"SE"
"215","S2","KENN","TIL",5,"ACNE",0.324,"N",NA,NA,"SN"
"216","S2","KENN","TIL",15,"LOPE",1.115,"E",NA,NA,"SE"
"217","S2","VICP","TIL",5,"OXST",4.187,"N",NA,NA,"SN"
"218","S2","TIMH","TIL",15,"RUHI",12.06,"N","Yes",NA,"SM"
"219","S2","VICP","TIL",11,"OXST",21.95,"N",NA,NA,"SN"
"220","S2","VICP","TIL",13,"OXST",4.49,"N",NA,NA,"SN"
"221","S2","TIMH","TIL",15,"TAOF",1.523,"E",NA,"I","SI"
"222","S2","VICP","TIL",15,"OXST",0.41,"N",NA,NA,"SN"
"223","S2","VICP","TIL",23,"OXST",0.109,"N",NA,NA,"SN"
"224","S2","VICP","TIL",25,"OXST",0.786,"N",NA,NA,"SN"
"225","S2","TIMH","TIL",15,"MELU",14.3,"E",NA,NA,"SE"
"226","S2","VICP","TIL",13,"PACA",0.153,"N",NA,NA,"SN"
"227","S2","TIMH","TIL",15,"MOFI",1.924,"N","Yes",NA,"SM"
"228","S2","VICP","TIL",23,"PACA",0.12,"N",NA,NA,"SN"
"229","S2","VICP","TIL",23,"PACA",0.165,"N",NA,NA,"SN"
"230","S2","VICP","TIL",13,"PEGL",0.111,"E",NA,NA,"SE"
"231","S2","VICP","TIL",15,"PHPR",6.98,"E",NA,"I","SI"
"232","S2","VICP","TIL",11,"PLMA",0.206,"E",NA,"I","SI"
"233","S2","VICP","TIL",13,"PLMA",0.162,"E",NA,"I","SI"
"234","S2","TIMH","TIL",15,"OEBI",21.109,"N","Yes",NA,"SM"
"235","S2","VICP","TIL",25,"PLMA",26.39,"E",NA,"I","SI"
"236","S2","TIMH","TIL",15,"SEVI",2.94,"E",NA,NA,"SE"
"237","S2","TIMH","TIL",15,"ECCR",95.82,"E",NA,NA,"SE"
"238","S2","TIMH","TIL",15,"TRPR",5.7,"E",NA,"I","SI"
"239","S2","TIMH","TIL",15,"ACNE",3.078,"N",NA,NA,"SN"
"240","S2","TIMH","TIL",15,"DACA",9.55,"E",NA,"I","SI"
"241","S2","TIMH","TIL",15,"CHAL",20.58,"E",NA,NA,"SE"
"242","S2","TIMH","TIL",15,"SOSP",2.618,"N",NA,NA,"SN"
"243","S2","VICP","TIL",3,"POOL",0.201,"E",NA,NA,"SE"
"244","S2","VICP","TIL",13,"POPR",0.143,"E",NA,NA,"SE"
"245","S2","TIMH","TIL",21,"AGST",3.13,"E",NA,NA,"SE"
"246","S2","KENN","TIL",5,"AMAR",30.394,"N",NA,NA,"SN"
"247","S2","VICP","TIL",5,"RUHI",0.533,"N","Yes",NA,"SM"
"248","S2","KENN","TIL",1,"ERAN",0.148,"N",NA,NA,"SN"
"249","S2","TIMH","TIL",21,"CEFO",3.09,"E",NA,NA,"SE"
"250","S2","TIMH","TIL",21,"CHAL",6.24,"E",NA,NA,"SE"
"251","S2","KENN","TIL",1,"PACA",0.17,"N",NA,NA,"SN"
"252","S2","TIMH","TIL",21,"DACA",1.176,"E",NA,"I","SI"
"253","S2","TIMH","TIL",21,"FRVI",0.245,"N",NA,NA,"SN"
"254","S2","TIMH","TIL",21,"HEHE",1.665,"N","Yes",NA,"SM"
"255","S2","KENN","TIL",1,"LOPE",0.171,"E",NA,NA,"SE"
"256","S2","TIMH","TIL",15,"SP12",0.374,NA,NA,NA,"U"
"257","S2","KENN","TIL",1,"SOSP",0.428,"N",NA,NA,"SN"
"258","S2","TIMH","TIL",21,"HOJU",0.174,"N",NA,NA,"SN"
"259","S2","VICP","TIL",11,"RUHI",1.917,"N","Yes",NA,"SM"
"260","S2","TIMH","TIL",21,"LASE",0.065,"E",NA,NA,"SE"
"261","S2","TIMH","TIL",21,"LOPE",0.428,"E",NA,NA,"SE"
"262","S2","VICP","TIL",13,"RUHI",0.396,"N","Yes",NA,"SM"
"263","S2","VICP","TIL",15,"RUHI",1.013,"N","Yes",NA,"SM"
"264","S2","VICP","TIL",21,"RUHI",0.352,"N","Yes",NA,"SM"
"265","S2","KENN","TIL",1,"RUHI",0.463,"N","Yes",NA,"SM"
"266","S2","VICP","TIL",25,"RUHI",0.664,"N","Yes",NA,"SM"
"267","S2","VICP","TIL",25,"SEVI",0.399,"E",NA,NA,"SE"
"268","S2","VICP","TIL",5,"SOAR",0.212,"E",NA,NA,"SE"
"269","S2","VICP","TIL",21,"SOAR",1.45,"E",NA,NA,"SE"
"270","S2","VICP","TIL",5,"SOSP",0.112,"N",NA,NA,"SN"
"271","S2","TIMH","TIL",21,"MELU",19.23,"E",NA,NA,"SE"
"272","S2","KENN","TIL",5,"ASSY",0.159,"N","No",NA,"SN"
"273","S2","TIMH","TIL",21,"MOFI",0.538,"N","Yes",NA,"SM"
"274","S2","TIMH","TIL",21,"OEBI",4.88,"N","Yes",NA,"SM"
"275","S2","TIMH","TIL",21,"OXST",15.04,"N",NA,NA,"SN"
"276","S2","TIMH","TIL",21,"PACA",0.536,"N",NA,NA,"SN"
"277","S2","TIMH","TIL",21,"PACA",0.07,"N",NA,NA,"SN"
"278","S2","TIMH","TIL",21,"PLMA",0.133,"E",NA,"I","SI"
"279","S2","TIMH","TIL",21,"RUHI",5.57,"N","Yes",NA,"SM"
"280","S2","VICP","TIL",5,"SOSP",0.298,"N",NA,NA,"SN"
"281","S2","VICP","TIL",11,"SOSP",3.43,"N",NA,NA,"SN"
"282","S2","VICP","TIL",13,"SOSP",1.51,"N",NA,NA,"SN"
"283","S2","VICP","TIL",21,"SOSP",0.301,"N",NA,NA,"SN"
"284","S2","VICP","TIL",23,"SOSP",0.624,"N",NA,NA,"SN"
"285","S2","VICP","TIL",25,"SOSP",10.08,"N",NA,NA,"SN"
"286","S2","VICP","TIL",1,"GECA",0.18,"N",NA,NA,"SN"
"287","S2","VICP","TIL",11,"GECA",0.285,"N",NA,NA,"SN"
"288","S2","VICP","TIL",5,"OEBI",1.43,"N","Yes",NA,"SM"
"289","S2","VICP","TIL",3,"VEHA",0.166,"N","Yes",NA,"SM"
"290","S2","VICP","TIL",5,"HEHE",0.142,"N","Yes",NA,"SM"
"291","S2","VICP","TIL",3,"VETH",0.52,"E",NA,"I","SI"
"292","S2","VICP","TIL",3,"BESP",0.085,NA,NA,NA,"U"
"293","S2","VICP","TIL",3,"HEHE",0.364,"N","Yes",NA,"SM"
"294","S2","VICP","TIL",11,"HEHE",0.462,"N","Yes",NA,"SM"
"295","S2","KENN","TIL",1,"SP12",0.301,NA,NA,NA,"U"
"296","S2","TIMH","TIL",21,"SEVI",5.83,"E",NA,NA,"SE"
"297","S2","VICP","TIL",21,"SP12",0.227,NA,NA,NA,"U"
"298","S2","TIMH","TIL",21,"SP12",0.535,NA,NA,NA,"U"
"299","S2","TIMH","TIL",23,"SP12",0.413,NA,NA,NA,"U"
"300","S2","VICP","TIL",5,"TAOF",0.367,"E",NA,"I","SI"
"301","S2","VICP","TIL",13,"TAOF",2.7,"E",NA,"I","SI"
"302","S2","VICP","TIL",21,"TAOF",6.27,"E",NA,"I","SI"
"303","S2","VICP","TIL",23,"TAOF",2.15,"E",NA,"I","SI"
"304","S2","VICP","TIL",25,"TAOF",17.44,"E",NA,"I","SI"
"305","S2","TIMH","TIL",21,"SOSP",1.812,"N",NA,NA,"SN"
"306","S2","TIMH","TIL",21,"SOSP",0.991,"N",NA,NA,"SN"
"307","S2","VICP","TIL",1,"TRAE",17.89,"E",NA,NA,"SE"
"308","S2","VICP","TIL",5,"TRAE",56.794,"E",NA,NA,"SE"
"309","S2","TIMH","TIL",21,"ERAN",0.055,"N",NA,NA,"SN"
"310","S2","VICP","TIL",1,"TRPR",4.8,"E",NA,"I","SI"
"311","S2","KENN","TIL",11,"SP12",1.258,NA,NA,NA,"U"
"312","S2","KENN","TIL",25,"SP12",0.198,NA,NA,NA,"U"
"313","S2","TIMH","TIL",21,"TRPR",9.03,"E",NA,"I","SI"
"314","S2","TIMH","TIL",21,"VEST",0.797,"N","No",NA,"SN"
"315","S2","TIMH","TIL",23,"AGST",96.56,"E",NA,NA,"SE"
"316","S2","TIMH","TIL",23,"AVSA",16.96,"E",NA,NA,"SE"
"317","S2","TIMH","TIL",23,"CEFO",9.35,"E",NA,NA,"SE"
"318","S2","TIMH","TIL",23,"COAR",3.51,"E",NA,"I","SI"
"319","S2","TIMH","TIL",23,"COCA",8.97,"N",NA,NA,"SN"
"320","S2","TIMH","TIL",23,"DACA",5.68,"E",NA,"I","SI"
"321","S2","TIMH","TIL",23,"ECCR",9.01,"E",NA,NA,"SE"
"322","S2","VICP","TIL",3,"TRPR",13.814,"E",NA,"I","SI"
"323","S2","TIMH","TIL",23,"ECCR",13.91,"E",NA,NA,"SE"
"324","S2","TIMH","TIL",23,"FRVI",0.071,"N",NA,NA,"SN"
"325","S2","VICP","TIL",5,"TRPR",21.66,"E",NA,"I","SI"
"326","S2","VICP","TIL",11,"TRPR",52.34,"E",NA,"I","SI"
"327","S2","VICP","TIL",13,"TRPR",8.08,"E",NA,"I","SI"
"328","S2","VICP","TIL",15,"TRPR",4.48,"E",NA,"I","SI"
"329","S2","TIMH","TIL",23,"MELU",0.661,"E",NA,NA,"SE"
"330","S2","VICP","TIL",21,"TRPR",21.92,"E",NA,"I","SI"
"331","S2","VICP","TIL",25,"TRPR",16.02,"E",NA,"I","SI"
"332","S2","TIMH","TIL",23,"MOFI",1.168,"N","Yes",NA,"SM"
"333","S2","TIMH","TIL",23,"OEBI",27.31,"N","Yes",NA,"SM"
"334","S2","TIMH","TIL",23,"OXST",36.34,"N",NA,NA,"SN"
"335","S2","VICP","TIL",13,"VETH",0.192,"E",NA,"I","SI"
"336","S2","VICP","TIL",13,"VICR",0.253,"E",NA,"I","SI"
"337","S2","VICP","TIL",25,"VICR",6.05,"E",NA,"I","SI"
"338","S2","TIMH","TIL",23,"PACA",13,"N",NA,NA,"SN"
"339","S2","VICP","TIL",15,"VIRI",0.215,"N",NA,NA,"SN"
"340","S2","TIMH","TIL",23,"PEGL",0.381,"E",NA,NA,"SE"
"341","S2","TIMH","TIL",23,"PLMA",14.18,"E",NA,"I","SI"
"342","S2","TIMH","TIL",23,"PRVU",0.888,"N",NA,NA,"SN"
"343","S2","TIMH","TIL",23,"RUHI",12.32,"N","Yes",NA,"SM"
"344","S2","TIMH","TIL",23,"SEVI",0.697,"E",NA,NA,"SE"
"345","S2","TIMH","TIL",23,"SEVI",0.38,"E",NA,NA,"SE"
"346","S2","TIMH","TIL",23,"SEVI",6.02,"E",NA,NA,"SE"
"347","S2","TIMH","TIL",23,"SOAS",11.69,"E",NA,NA,"SE"
"348","S2","TIMH","TIL",23,"SOSP",0.04,"N",NA,NA,"SN"
"349","S2","TIMH","TIL",23,"SOSP",1.86,"N",NA,NA,"SN"
"350","S2","TIMH","TIL",25,"SP12",0.55,NA,NA,NA,"U"
"351","S2","TIMH","TIL",23,"VEOF",0.2655,"E",NA,NA,"SE"
"352","S2","TIMH","TIL",23,"HEHE",0.414,"N","Yes",NA,"SM"
"353","S2","KENN","TIL",3,"AMAL",8.85,"E",NA,NA,"SE"
"354","S2","KENN","TIL",25,"COAR",11.65,"E",NA,"I","SI"
"355","S2","KENN","TIL",11,"ASSY",1.488,"N","No",NA,"SN"
"356","S2","KENN","TIL",25,"TRPR",271.914,"E",NA,"I","SI"
"357","S2","KENN","TIL",11,"VICR",5.15,"E",NA,"I","SI"
"358","S2","KENN","TIL",3,"AMAR",6.986,"N",NA,NA,"SN"
"359","S2","KENN","TIL",23,"ASSY",0.431,"N","No",NA,"SN"
"360","S2","KENN","TIL",23,"CEFO",2.867,"E",NA,NA,"SE"
"361","S2","KENN","TIL",25,"MELU",65.24,"E",NA,NA,"SE"
"362","S2","KENN","TIL",21,"SP12",1.07,NA,NA,NA,"U"
"363","S2","KENN","TIL",11,"PACA",9.15,"N",NA,NA,"SN"
"364","S2","KENN","TIL",21,"ALPE",0.188,"E",NA,"I","SI"
"365","S2","KENN","TIL",21,"SP12",0.814,NA,NA,NA,"U"
"366","S2","KENN","TIL",13,"AGST",0.269,"E",NA,NA,"SE"
"367","S2","KENN","TIL",21,"ASSY",0.361,"N","No",NA,"SN"
"368","S2","KENN","TIL",3,"ASSY",0.34,"N","No",NA,"SN"
"369","S2","KENN","TIL",21,"AVSA",21.74,"E",NA,NA,"SE"
"370","S2","KENN","TIL",13,"ASSY",0.124,"N","No",NA,"SN"
"371","S2","KENN","TIL",25,"TRRE",1.034,"E",NA,"I","SI"
"372","S2","KENN","TIL",23,"CHGL",186.424,"N",NA,NA,"SN"
"373","S2","KENN","TIL",21,"CEFO",22.08,"E",NA,NA,"SE"
"374","S2","KENN","TIL",11,"DACA",11.32,"E",NA,"I","SI"
"375","S2","KENN","TIL",21,"CHAL",133.804,"E",NA,NA,"SE"
"376","S2","KENN","TIL",13,"AVSA",8.95,"E",NA,NA,"SE"
"377","S2","KENN","TIL",11,"OXST",2.401,"N",NA,NA,"SN"
"378","S2","KENN","TIL",13,"CEFO",2.334,"E",NA,NA,"SE"
"379","S2","KENN","TIL",13,"CHAL",12.02,"E",NA,NA,"SE"
"380","S2","KENN","TIL",23,"COCA",0.827,"N",NA,NA,"SN"
"381","S2","KENN","TIL",13,"CHGL",4.814,"N",NA,NA,"SN"
"382","S2","KENN","TIL",13,"DACA",1.232,"E",NA,"I","SI"
"383","S2","KENN","TIL",13,"ELRE",2.152,"E",NA,"I","SI"
"384","S2","KENN","TIL",11,"VEST",0.084,"N","No",NA,"SN"
"385","S2","KENN","TIL",3,"AVSA",10.62,"E",NA,NA,"SE"
"386","S2","KENN","TIL",13,"FRVI",0.124,"N",NA,NA,"SN"
"387","S2","KENN","TIL",15,"MELU",352.564,"E",NA,NA,"SE"
"388","S2","KENN","TIL",21,"DACA",0.906,"E",NA,"I","SI"
"389","S2","KENN","TIL",21,"ECCR",0.281,"E",NA,NA,"SE"
"390","S2","KENN","TIL",3,"CELO",3.798,"N",NA,NA,"SN"
"391","S2","KENN","TIL",3,"CHAL",86.644,"E",NA,NA,"SE"
"392","S2","KENN","TIL",21,"FRVI",0.125,"N",NA,NA,"SN"
"393","S2","KENN","TIL",25,"VESE",0.38,"E",NA,NA,"SE"
"394","S2","KENN","TIL",3,"CHGL",207.064,"N",NA,NA,"SN"
"395","S2","KENN","TIL",21,"MELU",8.47,"E",NA,NA,"SE"
"396","S2","KENN","TIL",21,"MOFI",0.417,"N","Yes",NA,"SM"
"397","S2","KENN","TIL",13,"MELU",237.404,"E",NA,NA,"SE"
"398","S2","KENN","TIL",5,"CEFO",4.91,"E",NA,NA,"SE"
"399","S2","KENN","TIL",3,"CHGL",122.214,"N",NA,NA,"SN"
"400","S2","KENN","TIL",25,"ERAN",0.177,"N",NA,NA,"SN"
"401","S2","KENN","TIL",23,"DACA",6.29,"E",NA,"I","SI"
"402","S2","KENN","TIL",15,"SP12",0.438,NA,NA,NA,"U"
"403","S2","KENN","TIL",25,"DIIS",0.451,"E",NA,NA,"SE"
"404","S2","KENN","TIL",25,"HEHE",1.472,"N","Yes",NA,"SM"
"405","S2","KENN","TIL",1,"PLMA",0.543,"E",NA,"I","SI"
"406","S2","KENN","TIL",13,"OEBI",24.03,"N","Yes",NA,"SM"
"407","S2","KENN","TIL",3,"COAR",1.876,"E",NA,"I","SI"
"408","S2","KENN","TIL",21,"OEBI",158.254,"N","Yes",NA,"SM"
"409","S2","KENN","TIL",21,"OXST",1.426,"N",NA,NA,"SN"
"410","S2","KENN","TIL",23,"ERAN",1.503,"N",NA,NA,"SN"
"411","S2","KENN","TIL",15,"MOFI",0.164,"N","Yes",NA,"SM"
"412","S2","KENN","TIL",3,"FRVI",0.139,"N",NA,NA,"SN"
"413","S2","KENN","TIL",21,"PACA",21.29,"N",NA,NA,"SN"
"414","S2","KENN","TIL",11,"TRRE",92.004,"E",NA,"I","SI"
"415","S2","KENN","TIL",25,"DACA",7.65,"E",NA,"I","SI"
"416","S2","KENN","TIL",3,"MELU",36.83,"E",NA,NA,"SE"
"417","S2","KENN","TIL",25,"OEBI",41.96,"N","Yes",NA,"SM"
"418","S2","KENN","TIL",21,"PLMA",12.58,"E",NA,"I","SI"
"419","S2","KENN","TIL",15,"OEBI",15.88,"N","Yes",NA,"SM"
"420","S2","KENN","TIL",21,"RUHI",14.14,"N","Yes",NA,"SM"
"421","S2","KENN","TIL",15,"OXST",3.727,"N",NA,NA,"SN"
"422","S2","KENN","TIL",23,"FRVI",0.38,"N",NA,NA,"SN"
"423","S2","KENN","TIL",11,"RUHI",2.106,"N","Yes",NA,"SM"
"424","S2","KENN","TIL",13,"OXST",1.99,"N",NA,NA,"SN"
"425","S2","KENN","TIL",23,"LIVU",0.194,"E",NA,"I","SI"
"426","S2","KENN","TIL",5,"CHAL",551.56,"E",NA,NA,"SE"
"427","S2","KENN","TIL",21,"SP12",0.284,NA,NA,NA,"U"
"428","S2","TIMH","TIL",23,"TAOF",3.678,"E",NA,"I","SI"
"429","S2","TIMH","TIL",23,"TRPR",13.94,"E",NA,"I","SI"
"430","S2","KENN","TIL",5,"CHAL",293.05,"E",NA,NA,"SE"
"431","S2","KENN","TIL",15,"OXST",1.595,"N",NA,NA,"SN"
"432","S2","TIMH","TIL",23,"TRPR",12.29,"E",NA,"I","SI"
"433","S2","KENN","TIL",1,"SEVI",0.829,"E",NA,NA,"SE"
"434","S2","TIMH","TIL",23,"VEST",3.67,"N","No",NA,"SN"
"435","S2","TIMH","TIL",25,"AGST",16.47,"E",NA,NA,"SE"
"436","S2","TIMH","TIL",25,"AMAR",32.384,"N",NA,NA,"SN"
"437","S2","KENN","TIL",1,"PACA",1.46,"N",NA,NA,"SN"
"438","S2","TIMH","TIL",25,"AMAR",41.744,"N",NA,NA,"SN"
"439","S2","TIMH","TIL",25,"ASSY",0.257,"N","No",NA,"SN"
"440","S2","TIMH","TIL",25,"AVSA",9.93,"E",NA,NA,"SE"
"441","S2","TIMH","TIL",25,"CEFO",37.32,"E",NA,NA,"SE"
"442","S2","KENN","TIL",1,"OXST",1.473,"N",NA,NA,"SN"
"443","S2","KENN","TIL",15,"PACA",7.74,"N",NA,NA,"SN"
"444","S2","KENN","TIL",1,"ANAR",1.531,"E",NA,NA,"SE"
"445","S2","TIMH","TIL",25,"DACA",15.57,"E",NA,"I","SI"
"446","S2","KENN","TIL",5,"CHAL",331.88,"E",NA,NA,"SE"
"447","S2","TIMH","TIL",25,"ECCR",1.28,"E",NA,NA,"SE"
"448","S2","TIMH","TIL",25,"FRVI",0.011,"N",NA,NA,"SN"
"449","S2","TIMH","TIL",25,"FRVI",0.081,"N",NA,NA,"SN"
"450","S2","KENN","TIL",1,"DACA",2.271,"E",NA,"I","SI"
"451","S2","KENN","TIL",1,"AMAR",2.87,"N",NA,NA,"SN"
"452","S2","KENN","TIL",1,"TRRE",3.521,"E",NA,"I","SI"
"453","S2","KENN","TIL",1,"CEFO",3.563,"E",NA,NA,"SE"
"454","S2","KENN","TIL",1,"ALPE",5.473,"E",NA,"I","SI"
"455","S2","TIMH","TIL",25,"LOPE",0.11,"E",NA,NA,"SE"
"456","S2","TIMH","TIL",25,"MELU",24.92,"E",NA,NA,"SE"
"457","S2","KENN","TIL",5,"CHAL",143.954,"E",NA,NA,"SE"
"458","S2","TIMH","TIL",25,"MOFI",4.52,"N","Yes",NA,"SM"
"459","S2","TIMH","TIL",25,"OEBI",20.29,"N","Yes",NA,"SM"
"460","S2","TIMH","TIL",25,"OEBI",1.37,"N","Yes",NA,"SM"
"461","S2","TIMH","TIL",25,"OXST",28.85,"N",NA,NA,"SN"
"462","S2","KENN","TIL",5,"CHAL",101.424,"E",NA,NA,"SE"
"463","S2","TIMH","TIL",25,"PACA",5.57,"N",NA,NA,"SN"
"464","S2","TIMH","TIL",25,"RUHI",14.45,"N","Yes",NA,"SM"
"465","S2","TIMH","TIL",25,"SOSP",2.77,"N",NA,NA,"SN"
"466","S2","TIMH","TIL",11,"SP13",0.913,NA,NA,NA,"U"
"467","S2","KENN","TIL",1,"CHGL",7.51,"N",NA,NA,"SN"
"468","S2","TIMH","TIL",11,"SP17",0.211,NA,NA,NA,"U"
"469","S2","KENN","TIL",1,"LASE",8.15,"E",NA,NA,"SE"
"470","S2","KENN","TIL",5,"CHAL",127.184,"E",NA,NA,"SE"
"471","S2","KENN","TIL",5,"CHAL",119.704,"E",NA,NA,"SE"
"472","S2","TIMH","TIL",15,"SP17",0.545,NA,NA,NA,"U"
"473","S2","TIMH","TIL",25,"HYOF",0.128,"E",NA,NA,"SE"
"474","S2","KENN","TIL",15,"PLMA",0.155,"E",NA,"I","SI"
"475","S2","KENN","TIL",15,"RUHI",0.864,"N","Yes",NA,"SM"
"476","S2","TIMH","TIL",25,"ACNE",0.409,"N",NA,NA,"SN"
"477","S2","KENN","TIL",1,"CHAL",13.111,"E",NA,NA,"SE"
"478","S2","TIMH","TIL",25,"HEHE",0.72,"N","Yes",NA,"SM"
"479","S2","KENN","TIL",1,"SOAS",14.29,"E",NA,NA,"SE"
"480","S2","KENN","TIL",1,"OEBI",14.59,"N","Yes",NA,"SM"
"481","S2","KENN","TIL",5,"CHAL",120.814,"E",NA,NA,"SE"
"482","S2","TIMH","TIL",25,"ERAN",0.325,"N",NA,NA,"SN"
"483","S2","KENN","TIL",15,"SP17",0.233,NA,NA,NA,"U"
"484","S2","KENN","TIL",1,"CIAR",17.05,"E",NA,"I","SI"
"485","S2","KENN","TIL",5,"CHGL",39.684,"N",NA,NA,"SN"
"486","S2","TIMH","TIL",25,"TAOF",5.31,"E",NA,"I","SI"
"487","S2","KENN","TIL",1,"TRPR",19.38,"E",NA,"I","SI"
"488","S2","KENN","TIL",5,"CIAR",2.107,"E",NA,"I","SI"
"489","S2","TIMH","TIL",25,"TRPR",0.172,"E",NA,"I","SI"
"490","S2","KENN","TIL",15,"SEVI",0.37,"E",NA,NA,"SE"
"491","S2","KENN","TIL",5,"COAR",5.81,"E",NA,"I","SI"
"492","S2","KENN","TIL",1,"POAV",163.494,"N",NA,NA,"SN"
"493","S2","TIMH","TIL",25,"VEST",5.2,"N","No",NA,"SN"
"494","S2","KENN","TIL",15,"SOSP",0.283,"N",NA,NA,"SN"
"495","S2","KENN","TIL",15,"SOSP",0.989,"N",NA,NA,"SN"
"496","S2","KENN","TIL",13,"PACA",0.099,"N",NA,NA,"SN"
"497","S2","KENN","TIL",23,"MEAL",1.081,"E",NA,NA,"SE"
"498","S2","KENN","TIL",23,"MELU",5.126,"E",NA,NA,"SE"
"499","S2","KENN","TIL",3,"OEBI",63.594,"N","Yes",NA,"SM"
"500","S2","KENN","TIL",23,"MOFI",0.128,"N","Yes",NA,"SM"
"501","S2","KENN","TIL",3,"OXST",6.359,"N",NA,NA,"SN"
"502","S2","KENN","TIL",21,"SOSP",0.537,"N",NA,NA,"SN"
"503","S2","KENN","TIL",11,"COAR",25.29,"E",NA,"I","SI"
"504","S2","KENN","TIL",25,"CHAL",87.974,"E",NA,NA,"SE"
"505","S2","KENN","TIL",25,"TAOF",2.694,"E",NA,"I","SI"
"506","S2","KENN","TIL",23,"OEBI",127.274,"N","Yes",NA,"SM"
"507","S2","KENN","TIL",23,"OXST",1.122,"N",NA,NA,"SN"
"508","S2","KENN","TIL",3,"PACA",1.874,"N",NA,NA,"SN"
"509","S2","KENN","TIL",23,"PACA",9.77,"N",NA,NA,"SN"
"510","S2","KENN","TIL",3,"PLMA",3.191,"E",NA,"I","SI"
"511","S2","KENN","TIL",21,"SOSP",3.754,"N",NA,NA,"SN"
"512","S2","KENN","TIL",21,"SOSP",0.626,"N",NA,NA,"SN"
"513","S2","KENN","TIL",13,"RUHI",2.288,"N","Yes",NA,"SM"
"514","S2","TIMH","TIL",25,"VETH",0.469,"E",NA,"I","SI"
"515","S2","KENN","TIL",3,"RUHI",6.955,"N","Yes",NA,"SM"
"516","S2","KENN","TIL",25,"CEFO",3.755,"E",NA,NA,"SE"
"517","S2","KENN","TIL",13,"SEGL",0.389,"E",NA,NA,"SE"
"518","S2","KENN","TIL",11,"TRPR",95.814,"E",NA,"I","SI"
"519","S2","KENN","TIL",23,"PLMA",0.396,"E",NA,"I","SI"
"520","S2","KENN","TIL",25,"RUHI",0.362,"N","Yes",NA,"SM"
"521","S2","KENN","TIL",21,"ERAN",0.152,"N",NA,NA,"SN"
"522","S2","KENN","TIL",13,"SEVI",0.419,"E",NA,NA,"SE"
"523","S2","KENN","TIL",3,"ERAN",0.397,"N",NA,NA,"SN"
"524","S2","KENN","TIL",11,"SOSP",10.28,"N",NA,NA,"SN"
"525","S2","KENN","TIL",13,"SOSP",0.44,"N",NA,NA,"SN"
"526","S2","KENN","TIL",25,"FRVI",0.377,"N",NA,NA,"SN"
"527","S2","KENN","TIL",11,"LIVU",7.081,"E",NA,"I","SI"
"528","S2","TIMH","TIL",13,"SP23",0.094,NA,NA,NA,"U"
"529","S2","KENN","TIL",25,"PLMA",1.055,"E",NA,"I","SI"
"530","S2","KENN","TIL",3,"HEHE",14.6,"N","Yes",NA,"SM"
"531","S2","KENN","TIL",25,"SOSP",4.296,"N",NA,NA,"SN"
"532","S2","TIMH","TIL",23,"SP23",0.212,NA,NA,NA,"U"
"533","S2","KENN","TIL",3,"TAOF",2.133,"E",NA,"I","SI"
"534","S2","KENN","TIL",11,"MELU",159.58,"E",NA,NA,"SE"
"535","S2","KENN","TIL",25,"OXST",4.11,"N",NA,NA,"SN"
"536","S2","KENN","TIL",13,"SOSP",0.433,"N",NA,NA,"SN"
"537","S2","KENN","TIL",13,"CIVU",0.07,"E",NA,"I","SI"
"538","S2","KENN","TIL",25,"AMAR",37.744,"N",NA,NA,"SN"
"539","S2","KENN","TIL",23,"RUHI",26.82,"N","Yes",NA,"SM"
"540","S2","KENN","TIL",3,"TAOF",0.484,"E",NA,"I","SI"
"541","S2","TIMH","TIL",25,"SP23",0.176,NA,NA,NA,"U"
"542","S2","KENN","TIL",13,"TAOF",5.14,"E",NA,"I","SI"
"543","S2","KENN","TIL",11,"FRVI",0.781,"N",NA,NA,"SN"
"544","S2","TIMH","TIL",25,"VICR",0.275,"E",NA,"I","SI"
"545","S2","KENN","TIL",23,"SOSP",0.703,"N",NA,NA,"SN"
"546","S2","TIMH","TIL",5,"SP25",1.227,NA,NA,NA,"U"
"547","S2","KENN","TIL",15,"ERAN",0.073,"N",NA,NA,"SN"
"548","S2","KENN","TIL",11,"CEFO",3.96,"E",NA,NA,"SE"
"549","S2","KENN","TIL",13,"TRPR",35.81,"E",NA,"I","SI"
"550","S2","KENN","TIL",5,"DACA",0.182,"E",NA,"I","SI"
"551","S2","KENN","TIL",5,"LOPE",1.399,"E",NA,NA,"SE"
"552","S2","TIMH","TIL",23,"SP25",0.33,NA,NA,NA,"U"
"553","S2","KENN","TIL",1,"MELU",233.414,"E",NA,NA,"SE"
"554","S2","KENN","TIL",13,"TRRE",0.884,"E",NA,"I","SI"
"555","S2","KENN","TIL",15,"TAOF",0.558,"E",NA,"I","SI"
"556","S2","KENN","TIL",21,"SP25",0.457,NA,NA,NA,"U"
"557","S2","KENN","TIL",5,"OEBI",1.897,"N","Yes",NA,"SM"
"558","S2","KENN","TIL",23,"SOSP",7.942,"N",NA,NA,"SN"
"559","S2","KENN","TIL",5,"OXCO",0.218,"E",NA,NA,"SE"
"560","S2","KENN","TIL",23,"SOSP",1.047,"N",NA,NA,"SN"
"561","S2","KENN","TIL",15,"TRPR",16.82,"E",NA,"I","SI"
"562","S2","KENN","TIL",21,"SP25",0.787,NA,NA,NA,"U"
"563","S2","KENN","TIL",15,"VEST",0.453,"N","No",NA,"SN"
"564","S2","KENN","TIL",11,"PLMA",3.74,"E",NA,"I","SI"
"565","S2","KENN","TIL",23,"DECA",0.168,"N","Yes",NA,"SM"
"566","S2","KENN","TIL",25,"LOPE",2.159,"E",NA,NA,"SE"
"567","S2","KENN","TIL",23,"TAOF",4.829,"E",NA,"I","SI"
"568","S2","KENN","TIL",15,"VEST",0.479,"N","No",NA,"SN"
"569","S2","KENN","TIL",23,"TRPR",111.944,"E",NA,"I","SI"
"570","S2","KENN","TIL",21,"TAOF",10.07,"E",NA,"I","SI"
"571","S2","KENN","TIL",5,"OXCO",0.244,"E",NA,NA,"SE"
"572","S2","KENN","TIL",25,"ECCR",0.587,"E",NA,NA,"SE"
"573","S2","KENN","TIL",3,"TRPR",7.01,"E",NA,"I","SI"
"574","S2","KENN","TIL",5,"OXST",0.525,"N",NA,NA,"SN"
"575","S2","KENN","TIL",5,"PLMA",1.702,"E",NA,"I","SI"
"576","S2","KENN","TIL",23,"TRRE",26.71,"E",NA,"I","SI"
"577","S2","KENN","TIL",3,"TRRE",35.23,"E",NA,"I","SI"
"578","S2","KENN","TIL",23,"VEST",1.795,"N","No",NA,"SN"
"579","S2","KENN","TIL",11,"OEBI",132.584,"N","Yes",NA,"SM"
"580","S2","KENN","TIL",21,"TRPR",115.434,"E",NA,"I","SI"
"581","S2","KENN","TIL",21,"TRRE",9.67,"E",NA,"I","SI"
"582","S2","KENN","TIL",3,"VEST",0.813,"N","No",NA,"SN"
"583","S2","KENN","TIL",5,"POAV",6.46,"N",NA,NA,"SN"
"584","S2","KENN","TIL",5,"SOSP",0.403,"N",NA,NA,"SN"
"585","S2","KENN","TIL",5,"TRPR",1.831,"E",NA,"I","SI"
"586","S4","GRNB","RES",21,"CEFO",0.217,"E",NA,NA,"SE"
"587","S4","GRNB","RES",3,"ACNE",0.031,"N",NA,NA,"SN"
"588","S4","GRNB","RES",11,"ACNE",53.404,"N",NA,NA,"SN"
"589","S4","GRNB","RES",23,"CEFO",0.457,"E",NA,NA,"SE"
"590","S4","GRNB","RES",5,"ACNE",0.207,"N",NA,NA,"SN"
"591","S4","GRNB","RES",1,"ACNE",0.136,"N",NA,NA,"SN"
"592","S4","GRNB","RES",21,"DACA",0.584,"E",NA,"I","SI"
"593","S4","GRNB","RES",25,"COAR",0.139,"E",NA,"I","SI"
"594","S2","KENN","TIL",21,"VESE",1.733,"E",NA,NA,"SE"
"595","S4","GRNB","RES",1,"ALPE",0.017,"E",NA,"I","SI"
"596","S2","KENN","TIL",5,"TRRE",5.63,"E",NA,"I","SI"
"597","S4","GRNB","RES",11,"ACNE",53.174,"N",NA,NA,"SN"
"598","S4","GRNB","RES",15,"CEFO",0.085,"E",NA,NA,"SE"
"599","S4","GRNB","RES",15,"CEFO",0.311,"E",NA,NA,"SE"
"600","S4","GRNB","RES",25,"COCA",10.52,"N",NA,NA,"SN"
"601","S4","GRNB","RES",13,"DACA",23.57,"E",NA,"I","SI"
"602","S4","GRNB","RES",15,"DACA",39.224,"E",NA,"I","SI"
"603","S4","GRNB","RES",11,"DACA",21.9,"E",NA,"I","SI"
"604","S4","GRNB","RES",5,"ANGE",0.03,"N","Yes",NA,"SM"
"605","S4","GRNB","RES",3,"ANGE",2.071,"N","Yes",NA,"SM"
"606","S4","GRNB","RES",1,"CEFO",5.89,"E",NA,NA,"SE"
"607","S4","GRNB","RES",3,"CEFO",0.038,"E",NA,NA,"SE"
"608","S4","GRNB","RES",23,"COAR",8.31,"E",NA,"I","SI"
"609","S4","GRNB","RES",5,"CEFO",4.73,"E",NA,NA,"SE"
"610","S4","GRNB","RES",21,"GEUR",0.133,"E",NA,NA,"SE"
"611","S4","GRNB","RES",23,"DACA",7.24,"E",NA,"I","SI"
"612","S4","GRNB","RES",5,"CEPU",0.071,"E",NA,NA,"SE"
"613","S4","GRNB","RES",23,"ERAN",2.141,"N",NA,NA,"SN"
"614","S4","GRNB","RES",11,"GEUR",0.158,"E",NA,NA,"SE"
"615","S4","GRNB","RES",13,"CEFO",0.005,"E",NA,NA,"SE"
"616","S4","GRNB","RES",5,"CHAL",0.031,"E",NA,NA,"SE"
"617","S4","GRNB","RES",5,"COCA",3.97,"N",NA,NA,"SN"
"618","S4","GRNB","RES",23,"GEUR",0.675,"E",NA,NA,"SE"
"619","S4","GRNB","RES",1,"CIAR",8.3,"E",NA,"I","SI"
"620","S4","GRNB","RES",5,"DACA",48.67,"E",NA,"I","SI"
"621","S4","GRNB","RES",15,"GEUR",0.187,"E",NA,NA,"SE"
"622","S4","GRNB","RES",3,"DACA",21.35,"E",NA,"I","SI"
"623","S4","GRNB","RES",3,"DACA",16.25,"E",NA,"I","SI"
"624","S4","GRNB","RES",5,"ERAN",0.123,"N",NA,NA,"SN"
"625","S4","GRNB","RES",3,"ERAN",0.03,"N",NA,NA,"SN"
"626","S4","GRNB","RES",5,"FRVI",0.335,"N",NA,NA,"SN"
"627","S4","GRNB","RES",1,"ERAN",0.925,"N",NA,NA,"SN"
"628","S4","GRNB","RES",3,"FRVI",0.012,"N",NA,NA,"SN"
"629","S4","GRNB","RES",5,"GEAN",0.48,"N","Yes",NA,"SM"
"630","S4","GRNB","RES",1,"HEGI",0.976,"N","Yes",NA,"SM"
"631","S4","GRNB","RES",5,"HEHE",2.786,"N","Yes",NA,"SM"
"632","S4","GRNB","RES",23,"MELU",3.32,"E",NA,NA,"SE"
"633","S4","GRNB","RES",3,"LIVU",2.606,"E",NA,"I","SI"
"634","S4","GRNB","RES",3,"LOCA",0.154,"N",NA,NA,"SN"
"635","S4","GRNB","RES",3,"MELU",2.741,"E",NA,NA,"SE"
"636","S4","GRNB","RES",15,"GEUR",10.024,"E",NA,NA,"SE"
"637","S4","GRNB","RES",3,"MOFI",5.93,"N","Yes",NA,"SM"
"638","S4","GRNB","RES",5,"LOPE",0.575,"E",NA,NA,"SE"
"639","S4","GRNB","RES",23,"OEBI",0.637,"N","Yes",NA,"SM"
"640","S4","GRNB","RES",5,"MOFI",1.096,"N","Yes",NA,"SM"
"641","S4","GRNB","RES",3,"HEGI",151.044,"N","Yes",NA,"SM"
"642","S4","GRNB","RES",5,"OEBI",0.783,"N","Yes",NA,"SM"
"643","S4","GRNB","RES",15,"HEHE",297.08,"N","Yes",NA,"SM"
"644","S4","GRNB","RES",5,"OXST",0.013,"N",NA,NA,"SN"
"645","S4","GRNB","RES",3,"HEGI",0.018,"N","Yes",NA,"SM"
"646","S4","GRNB","RES",1,"HEGI",126.474,"N","Yes",NA,"SM"
"647","S4","GRNB","RES",5,"HEGI",21.094,"N","Yes",NA,"SM"
"648","S4","GRNB","RES",3,"HEGI",151.744,"N","Yes",NA,"SM"
"649","S4","GRNB","RES",23,"HEGI",2.368,"N","Yes",NA,"SM"
"650","S4","BNSH","RES",5,"ASSY",43.034,"N","No",NA,"SN"
"651","S4","GRNB","RES",23,"PLLA",1.368,"E",NA,NA,"SE"
"652","S4","GRNB","RES",13,"LIVU",6.25,"E",NA,"I","SI"
"653","S4","GRNB","RES",23,"PLMA",0.694,"E",NA,"I","SI"
"654","S4","GRNB","RES",11,"LOPE",41.694,"E",NA,NA,"SE"
"655","S4","GRNB","RES",25,"DACA",2.318,"E",NA,"I","SI"
"656","S4","GRNB","RES",1,"PLLA",0.033,"E",NA,NA,"SE"
"657","S4","GRNB","RES",13,"MELU",1.335,"E",NA,NA,"SE"
"658","S4","GRNB","RES",23,"PRVU",0.201,"N",NA,NA,"SN"
"659","S4","GRNB","RES",13,"MELU",1.245,"E",NA,NA,"SE"
"660","S4","GRNB","RES",5,"HEGI",125.884,"N","Yes",NA,"SM"
"661","S4","GRNB","RES",3,"HEGI",0.299,"N","Yes",NA,"SM"
"662","S4","GRNB","RES",1,"POPR",5.44,"E",NA,NA,"SE"
"663","S4","GRNB","RES",3,"PLLA",3.204,"E",NA,NA,"SE"
"664","S4","GRNB","RES",3,"PRVU",0.403,"N",NA,NA,"SN"
"665","S4","BNSH","RES",5,"CEFO",0.154,"E",NA,NA,"SE"
"666","S4","GRNB","RES",1,"PRVU",0.064,"N",NA,NA,"SN"
"667","S4","GRNB","RES",3,"RHTY",0.831,"N",NA,NA,"SN"
"668","S4","GRNB","RES",13,"MELU",1.218,"E",NA,NA,"SE"
"669","S4","GRNB","RES",15,"MOFI",2.27,"N","Yes",NA,"SM"
"670","S4","GRNB","RES",3,"RUHI",0.178,"N","Yes",NA,"SM"
"671","S4","GRNB","RES",15,"MORU",2.93,"N",NA,NA,"SN"
"672","S4","GRNB","RES",15,"PRSE",0.086,"N",NA,NA,"SN"
"673","S4","GRNB","RES",15,"HEGI",85.204,"N","Yes",NA,"SM"
"674","S4","GRNB","RES",5,"HEGI",125.644,"N","Yes",NA,"SM"
"675","S4","BNSH","RES",5,"CIAR",0.445,"E",NA,"I","SI"
"676","S4","BNSH","RES",5,"CIAR",0.588,"E",NA,"I","SI"
"677","S4","BNSH","RES",5,"COTR",16.37,"U","Yes",NA,"U"
"678","S4","BNSH","RES",5,"DACA",0.312,"E",NA,"I","SI"
"679","S4","GRNB","RES",23,"RHTY",6.83,"N",NA,NA,"SN"
"680","S4","GRNB","RES",1,"RUHI",7.34,"N","Yes",NA,"SM"
"681","S4","GRNB","RES",23,"RUHI",3.88,"N","Yes",NA,"SM"
"682","S4","GRNB","RES",23,"SOSP",363.354,"N",NA,NA,"SN"
"683","S4","GRNB","RES",5,"PLLA",1.951,"E",NA,NA,"SE"
"684","S4","GRNB","RES",25,"MELU",0.227,"E",NA,NA,"SE"
"685","S4","GRNB","RES",11,"HEGI",12.43,"N","Yes",NA,"SM"
"686","S4","GRNB","RES",3,"SOAR",0.482,"E",NA,NA,"SE"
"687","S4","GRNB","RES",1,"SOSP",373.654,"N",NA,NA,"SN"
"688","S4","GRNB","RES",5,"RUHI",34.404,"N","Yes",NA,"SM"
"689","S4","GRNB","RES",25,"MELU",0.686,"E",NA,NA,"SE"
"690","S4","GRNB","RES",11,"PLLA",0.469,"E",NA,NA,"SE"
"691","S4","GRNB","RES",15,"PLLA",1.356,"E",NA,NA,"SE"
"692","S4","GRNB","RES",1,"SOSP",26.964,"N",NA,NA,"SN"
"693","S4","GRNB","RES",23,"TAOF",0.861,"E",NA,"I","SI"
"694","S4","GRNB","RES",3,"SOSP",385.064,"N",NA,NA,"SN"
"695","S4","GRNB","RES",23,"TRPR",27.38,"E",NA,"I","SI"
"696","S4","GRNB","RES",13,"PLLA",4.02,"E",NA,NA,"SE"
"697","S4","GRNB","RES",5,"SOSP",93.674,"N",NA,NA,"SN"
"698","S4","GRNB","RES",5,"SOSP",93.234,"N",NA,NA,"SN"
"699","S4","GRNB","RES",25,"MELU",2.318,"E",NA,NA,"SE"
"700","S4","GRNB","RES",25,"MOFI",12.88,"N","Yes",NA,"SM"
"701","S4","GRNB","RES",25,"OEBI",1.104,"N","Yes",NA,"SM"
"702","S4","GRNB","RES",25,"HEGI",15.12,"N","Yes",NA,"SM"
"703","S4","GRNB","RES",5,"MAPU",1.083,"E",NA,NA,"SE"
"704","S4","GRNB","RES",23,"VIRO",4.92,"E",NA,"I","SI"
"705","S4","GRNB","RES",15,"PRVU",0.78,"N",NA,NA,"SN"
"706","S4","GRNB","RES",1,"TAOF",13.16,"E",NA,"I","SI"
"707","S4","GRNB","RES",15,"RHCA",0.105,"E",NA,"I","SI"
"708","S4","GRNB","RES",25,"PLLA",4.82,"E",NA,NA,"SE"
"709","S4","GRNB","RES",25,"RUHI",16.52,"N","Yes",NA,"SM"
"710","S4","GRNB","RES",3,"TAOF",1.478,"E",NA,"I","SI"
"711","S4","BNSH","RES",5,"FERU",39.129,"E",NA,NA,"SE"
"712","S4","BNSH","RES",5,"HEGI",48.984,"N","Yes",NA,"SM"
"713","S4","BNSH","RES",5,"HEHE",119.944,"N","Yes",NA,"SM"
"714","S4","BNSH","RES",5,"LIVU",0.97,"E",NA,"I","SI"
"715","S4","BNSH","RES",5,"LOPE",2.578,"E",NA,NA,"SE"
"716","S4","BNSH","RES",5,"MOFI",80.58,"N","Yes",NA,"SM"
"717","S4","GRNB","RES",5,"ERAN",0.074,"N",NA,NA,"SN"
"718","S4","BNSH","RES",5,"MOFI",81.724,"N","Yes",NA,"SM"
"719","S4","GRNB","RES",15,"RHTY",1.994,"N",NA,NA,"SN"
"720","S4","GRNB","RES",3,"TRPR",35.18,"E",NA,"I","SI"
"721","S4","GRNB","RES",15,"RUHI",6.08,"N","Yes",NA,"SM"
"722","S4","GRNB","RES",15,"SEVI",38.204,"E",NA,NA,"SE"
"723","S4","BNSH","RES",5,"MOFI",38.944,"N","Yes",NA,"SM"
"724","S4","BNSH","RES",5,"POPR",3.49,"E",NA,NA,"SE"
"725","S4","GRNB","RES",11,"SOAR",1.522,"E",NA,NA,"SE"
"726","S4","GRNB","RES",25,"SOAR",0.137,"E",NA,NA,"SE"
"727","S4","GRNB","RES",11,"SOSP",143.204,"N",NA,NA,"SN"
"728","S4","GRNB","RES",13,"SOSP",206.564,"N",NA,NA,"SN"
"729","S4","GRNB","RES",11,"SOSP",144.084,"N",NA,NA,"SN"
"730","S4","GRNB","RES",11,"ERAN",0.243,"N",NA,NA,"SN"
"731","S4","GRNB","RES",11,"TAOF",11.02,"E",NA,"I","SI"
"732","S4","GRNB","RES",13,"TAOF",2.875,"E",NA,"I","SI"
"733","S4","GRNB","RES",1,"TRPR",0.093,"E",NA,"I","SI"
"734","S4","GRNB","RES",25,"SOSP",40.724,"N",NA,NA,"SN"
"735","S4","GRNB","RES",15,"TAOF",1.3,"E",NA,"I","SI"
"736","S2","KENN","TIL",5,"VEST",0.03,"N","No",NA,"SN"
"737","S4","GRNB","RES",5,"TAOF",0.767,"E",NA,"I","SI"
"738","S4","GRNB","RES",3,"VESE",0.077,"E",NA,NA,"SE"
"739","S4","GRNB","RES",21,"MELU",0.26,"E",NA,NA,"SE"
"740","S4","GRNB","RES",11,"TAOF",10.87,"E",NA,"I","SI"
"741","S4","GRNB","RES",25,"TAOF",0.893,"E",NA,"I","SI"
"742","S4","GRNB","RES",13,"TRPR",60.114,"E",NA,"I","SI"
"743","S4","GRNB","RES",1,"VIRO",0.016,"E",NA,"I","SI"
"744","S4","GRNB","RES",15,"VESE",0.092,"E",NA,NA,"SE"
"745","S4","GRNB","RES",25,"TAOF",0.259,"E",NA,"I","SI"
"746","S4","GRNB","RES",21,"HEGI",55.164,"N","Yes",NA,"SM"
"747","S2","KENN","TIL",11,"FRVI",0.861,"N",NA,NA,"SN"
"748","S4","GRNB","RES",21,"PLLA",0.894,"E",NA,NA,"SE"
"749","S4","GRNB","RES",21,"POAV",0.063,"N",NA,NA,"SN"
"750","S4","GRNB","RES",21,"RHTY",14.72,"N",NA,NA,"SN"
"751","S4","GRNB","RES",21,"RUHI",1.427,"N","Yes",NA,"SM"
"752","S4","GRNB","RES",21,"SOSP",224.964,"N",NA,NA,"SN"
"753","S4","GRNB","RES",21,"SYLA",13.514,"N",NA,NA,"SN"
"754","S4","GRNB","RES",13,"VIRO",5.58,"E",NA,"I","SI"
"755","S4","GRNB","RES",21,"TAOF",9.89,"E",NA,"I","SI"
"756","S4","GRNB","RES",21,"VESE",0.414,"E",NA,NA,"SE"
"757","S4","GRNB","RES",25,"VIRO",0.031,"E",NA,"I","SI"
"758","S2","TIMH","TIL",1,"VEST",4,"N","No",NA,"SN"
"759","S4","BNSH","RES",3,"FERU",260.124,"E",NA,NA,"SE"
"760","S4","BNSH","RES",1,"MOFI",166.764,"N","Yes",NA,"SM"
"761","S4","BNSH","RES",3,"ANGE",89.304,"N","Yes",NA,"SM"
"762","S4","BNSH","RES",1,"FERU",166.834,"E",NA,NA,"SE"
"763","S4","BNSH","RES",3,"MOFI",14.44,"N","Yes",NA,"SM"
"764","S4","BNSH","RES",3,"CIAR",3.785,"E",NA,"I","SI"
"765","S4","GRNB","RES",5,"TRPR",0.206,"E",NA,"I","SI"
"766","S4","BNSH","RES",3,"HEGI",0.702,"N","Yes",NA,"SM"
"767","S4","BNSH","RES",3,"TRPR",0.68,"E",NA,"I","SI"
"768","S4","BNSH","RES",3,"TAOF",4.93,"E",NA,"I","SI"
"769","S4","BNSH","RES",3,"DACA",0.141,"E",NA,"I","SI"
"770","S4","BNSH","RES",5,"PYTE",3.33,"N",NA,NA,"SN"
"771","S4","BNSH","RES",3,"LIVU",0.456,"E",NA,"I","SI"
"772","S4","BNSH","RES",1,"VIRO",0.877,"E",NA,"I","SI"
"773","S4","BNSH","RES",1,"POPR",0.451,"E",NA,NA,"SE"
"774","S4","BNSH","RES",3,"HEHE",1.114,"N","Yes",NA,"SM"
"775","S4","BNSH","RES",1,"VICR",0.043,"E",NA,"I","SI"
"776","S4","BNSH","RES",5,"SIPE",19.124,"N","Yes",NA,"SM"
"777","S4","BNSH","RES",1,"DACA",0.365,"E",NA,"I","SI"
"778","S4","BNSH","RES",1,"TRPR",0.129,"E",NA,"I","SI"
"779","S4","BNSH","RES",1,"LIVU",1.308,"E",NA,"I","SI"
"780","S4","BNSH","RES",5,"SOSP",42.804,"N",NA,NA,"SN"
"781","S4","BNSH","RES",5,"TAOF",2.73,"E",NA,"I","SI"
"782","S4","BNSH","RES",5,"VICR",2.051,"E",NA,"I","SI"
"783","S4","BNSH","RES",1,"TAOF",12.61,"E",NA,"I","SI"
"784","S4","BNSH","RES",1,"CIAR",11.25,"E",NA,"I","SI"
"785","S4","BNSH","RES",1,"CAREX",1.967,NA,NA,NA,"U"
"786","S4","BNSH","RES",5,"VIRO",16.13,"E",NA,"I","SI"
"787","S4","BNSH","RES",1,"HEGI",8.9,"N","Yes",NA,"SM"
"788","S4","BNSH","RES",3,"VICR",6.82,"E",NA,"I","SI"
"789","S4","BNSH","RES",3,"SOSP",6.256,"N",NA,NA,"SN"
"790","S4","BNSH","RES",5,"VIRO",8.25,"E",NA,"I","SI"
"791","S4","GRNB","RES",21,"VIRO",0.104,"E",NA,"I","SI"
"792","S4","BNSH","RES",23,"ASSY",0.01,"N","No",NA,"SN"
"793","S4","BNSH","RES",23,"CEFO",0.021,"E",NA,NA,"SE"
"794","S4","BNSH","RES",23,"CIAR",15.44,"E",NA,"I","SI"
"795","S4","BNSH","RES",13,"ASTU",1.2,"N","Yes",NA,"SM"
"796","S4","BNSH","RES",13,"FERU",165.244,"E",NA,NA,"SE"
"797","S4","BNSH","RES",13,"HEHE",173.184,"N","Yes",NA,"SM"
"798","S4","BNSH","RES",23,"FERU",6.23,"E",NA,NA,"SE"
"799","S4","BNSH","RES",23,"HEGI",51.48,"N","Yes",NA,"SM"
"800","S4","BNSH","RES",13,"LOPE",0.429,"E",NA,NA,"SE"
"801","S4","BNSH","RES",11,"CELO",0.655,"N",NA,NA,"SN"
"802","S4","BNSH","RES",21,"ACNE",0.022,"N",NA,NA,"SN"
"803","S4","BNSH","RES",21,"ASSU",4.952,"N","Yes",NA,"SM"
"804","S4","BNSH","RES",11,"CIAR",7.8,"E",NA,"I","SI"
"805","S4","BNSH","RES",11,"COTR",0.115,"U","Yes",NA,"U"
"806","S4","BNSH","RES",21,"CEFO",0.428,"E",NA,NA,"SE"
"807","S4","BNSH","RES",21,"CIAR",0.097,"E",NA,"I","SI"
"808","S4","BNSH","RES",21,"ELRE",3.18,"E",NA,"I","SI"
"809","S4","BNSH","RES",21,"FERU",21.73,"E",NA,NA,"SE"
"810","S4","BNSH","RES",11,"DACA",11.51,"E",NA,"I","SI"
"811","S4","BNSH","RES",21,"HEGI",10.25,"N","Yes",NA,"SM"
"812","S4","BNSH","RES",11,"DACA",0.395,"E",NA,"I","SI"
"813","S4","BNSH","RES",21,"HEHE",78.434,"N","Yes",NA,"SM"
"814","S4","BNSH","RES",21,"MELU",0.277,"E",NA,NA,"SE"
"815","S4","BNSH","RES",21,"MESA",8.05,"E",NA,NA,"SE"
"816","S4","BNSH","RES",21,"MOFI",0.248,"N","Yes",NA,"SM"
"817","S4","BNSH","RES",21,"PLLA",4.773,"E",NA,NA,"SE"
"818","S4","BNSH","RES",21,"RABI",103.494,"N","Yes",NA,"SM"
"819","S4","BNSH","RES",21,"RUCR",13.87,"E",NA,"I","SI"
"820","S4","BNSH","RES",21,"RUHI",6.47,"N","Yes",NA,"SM"
"821","S4","BNSH","RES",21,"SORI",11.72,"N","Yes",NA,"SM"
"822","S4","BNSH","RES",21,"SOSP",226.814,"N",NA,NA,"SN"
"823","S4","BNSH","RES",11,"FERU",4.677,"E",NA,NA,"SE"
"824","S4","BNSH","RES",21,"SYNO",7.124,"N","No",NA,"SN"
"825","S4","BNSH","RES",11,"HEGI",1.165,"N","Yes",NA,"SM"
"826","S4","BNSH","RES",21,"TAOF",3.265,"E",NA,"I","SI"
"827","S4","BNSH","RES",21,"TRPR",1.72,"E",NA,"I","SI"
"828","S4","BNSH","RES",11,"MOFI",71.994,"N","Yes",NA,"SM"
"829","S4","BNSH","RES",11,"OXST",0.036,"N",NA,NA,"SN"
"830","S4","BNSH","RES",21,"VICR",18.21,"E",NA,"I","SI"
"831","S4","BNSH","RES",11,"RUHI",4.82,"N","Yes",NA,"SM"
"832","S4","BNSH","RES",11,"SORI",48.134,"N","Yes",NA,"SM"
"833","S4","BNSH","RES",11,"SOSP",167.994,"N",NA,NA,"SN"
"834","S4","BNSH","RES",11,"SOSP",170.204,"N",NA,NA,"SN"
"835","S4","BNSH","RES",11,"SYLA",8.73,"N",NA,NA,"SN"
"836","S4","BNSH","RES",11,"SYNO",6.5,"N","No",NA,"SN"
"837","S4","BNSH","RES",11,"TAOF",7.31,"E",NA,"I","SI"
"838","S4","BNSH","RES",11,"VICR",30.21,"E",NA,"I","SI"
"839","S4","BNSH","RES",21,"VIRO",0.223,"E",NA,"I","SI"
"840","S4","BNSH","RES",3,"ASSY",113.574,"N","No",NA,"SN"
"841","S4","BNSH","RES",3,"SIPE",182.814,"N","Yes",NA,"SM"
"842","S4","BNSH","RES",25,"CEFO",0.257,"E",NA,NA,"SE"
"843","S4","BNSH","RES",25,"CELO",4.48,"N",NA,NA,"SN"
"844","S4","BNSH","RES",13,"MOFI",29.48,"N","Yes",NA,"SM"
"845","S4","BNSH","RES",15,"CAREX",0.09,NA,NA,NA,"U"
"846","S4","BNSH","RES",25,"CIAR",12.83,"E",NA,"I","SI"
"847","S4","BNSH","RES",13,"SIPE",163.854,"N","Yes",NA,"SM"
"848","S4","BNSH","RES",15,"CIAR",2.33,"E",NA,"I","SI"
"849","S4","BNSH","RES",13,"SIPE",142.874,"N","Yes",NA,"SM"
"850","S4","BNSH","RES",13,"SIPE",267.184,"N","Yes",NA,"SM"
"851","S4","BNSH","RES",15,"FERU",155.404,"E",NA,NA,"SE"
"852","S4","BNSH","RES",15,"HEGI",24.584,"N","Yes",NA,"SM"
"853","S4","BNSH","RES",25,"COAR",0.098,"E",NA,"I","SI"
"854","S4","BNSH","RES",25,"COCA",0.514,"N",NA,NA,"SN"
"855","S4","BNSH","RES",25,"DACA",0.172,"E",NA,"I","SI"
"856","S4","BNSH","RES",25,"FERU",4.55,"E",NA,NA,"SE"
"857","S4","BNSH","RES",23,"LOPE",3.915,"E",NA,NA,"SE"
"858","S4","BNSH","RES",23,"MELU",0.345,"E",NA,NA,"SE"
"859","S4","BNSH","RES",23,"MOFI",148.414,"N","Yes",NA,"SM"
"860","S4","BNSH","RES",23,"MOFI",122.424,"N","Yes",NA,"SM"
"861","S4","BNSH","RES",25,"HEGI",3.67,"N","Yes",NA,"SM"
"862","S4","BNSH","RES",25,"HEHE",23.03,"N","Yes",NA,"SM"
"863","S4","BNSH","RES",13,"SIPE",52.924,"N","Yes",NA,"SM"
"864","S4","BNSH","RES",23,"MOFI",125.924,"N","Yes",NA,"SM"
"865","S4","BNSH","RES",23,"MOFI",251.924,"N","Yes",NA,"SM"
"866","S4","BNSH","RES",15,"LOPE",1.47,"E",NA,NA,"SE"
"867","S4","BNSH","RES",23,"PYTE",2.746,"N",NA,NA,"SN"
"868","S4","BNSH","RES",15,"LOPE",0.377,"E",NA,NA,"SE"
"869","S4","BNSH","RES",23,"RUHI",14.16,"N","Yes",NA,"SM"
"870","S4","BNSH","RES",13,"TAOF",0.707,"E",NA,"I","SI"
"871","S4","BNSH","RES",25,"LOPE",21.65,"E",NA,NA,"SE"
"872","S4","BNSH","RES",23,"SIPE",151.514,"N","Yes",NA,"SM"
"873","S4","BNSH","RES",13,"TAOF",2.29,"E",NA,"I","SI"
"874","S4","GRNB","RES",15,"VIRO",0.305,"E",NA,"I","SI"
"875","S4","BNSH","RES",25,"MOFI",0.151,"N","Yes",NA,"SM"
"876","S4","BNSH","RES",23,"MORU",1.28,"N",NA,NA,"SN"
"877","S4","BNSH","RES",13,"VIRO",0.009,"E",NA,"I","SI"
"878","S4","BNSH","RES",15,"MOFI",0.448,"N","Yes",NA,"SM"
"879","S4","BNSH","RES",25,"OEBI",0.182,"N","Yes",NA,"SM"
"880","S4","BNSH","RES",15,"SIPE",36.804,"N","Yes",NA,"SM"
"881","S4","BNSH","RES",25,"OXST",0.124,"N",NA,NA,"SN"
"882","S4","BNSH","RES",25,"RUHI",0.301,"N","Yes",NA,"SM"
"883","S4","BNSH","RES",15,"SOSP",137.674,"N",NA,NA,"SN"
"884","S4","BNSH","RES",25,"SOSP",107.204,"N",NA,NA,"SN"
"885","S4","BNSH","RES",15,"TAOF",0.11,"E",NA,"I","SI"
"886","S4","BNSH","RES",15,"TRPR",0.055,"E",NA,"I","SI"
"887","S4","BNSH","RES",25,"SIPE",87.454,"N","Yes",NA,"SM"
"888","S4","BNSH","RES",25,"SOSP",162.364,"N",NA,NA,"SN"
"889","S4","BNSH","RES",25,"SYNO",6.36,"N","No",NA,"SN"
"890","S4","BNSH","RES",25,"TAOF",0.739,"E",NA,"I","SI"
"891","S4","BNSH","RES",25,"TRPR",2.23,"E",NA,"I","SI"
"892","S4","BNSH","RES",23,"TRPR",2.718,"E",NA,"I","SI"
"893","S4","BNSH","RES",25,"VICR",0.129,"E",NA,"I","SI"
"894","S4","BNSH","RES",15,"VICR",2.653,"E",NA,"I","SI"
"895","S4","BNSH","RES",25,"VIRO",6.14,"E",NA,"I","SI"
"896","S4","BNSH","RES",23,"VICR",26.6,"E",NA,"I","SI"
"897","S4","BNSH","RES",23,"VIRO",2.49,"E",NA,"I","SI"
"898","S4","BNSH","RES",15,"VIRO",4.3,"E",NA,"I","SI"
"899","S4","DAVE","RES",11,"PAVI",3.7545,"N","Yes",NA,"SM"
"900","S4","DAVE","RES",13,"TAOF",1.2011,"E",NA,"I","SI"
"901","S4","DAVE","RES",11,"ANGE",39.24,"N","Yes",NA,"SM"
"902","S4","DAVE","RES",11,"ANGE",23.6,"N","Yes",NA,"SM"
"903","S4","DAVE","RES",13,"BRIN",10.82,"E",NA,NA,"SE"
"904","S4","DAVE","RES",13,"SCSC",73.404,"N","Yes",NA,"SM"
"905","S4","DAVE","RES",13,"VIRI",0.3403,"N",NA,NA,"SN"
"906","S4","DAVE","RES",11,"RABI",27.37,"N","Yes",NA,"SM"
"907","S4","DAVE","RES",13,"SONU",18.74,"N","Yes",NA,"SM"
"908","S4","DAVE","RES",11,"DECA",30.74,"N","Yes",NA,"SM"
"909","S4","DAVE","RES",13,"SCSC",18.87,"N","Yes",NA,"SM"
"910","S4","DAVE","RES",11,"HEHE",230.774,"N","Yes",NA,"SM"
"911","S4","DAVE","RES",11,"LOPE",0.1116,"E",NA,NA,"SE"
"912","S4","DAVE","RES",11,"SONU",4.0986,"N","Yes",NA,"SM"
"913","S4","DAVE","RES",11,"SIPE",32.824,"N","Yes",NA,"SM"
"914","S4","DAVE","RES",11,"HEHE",7.66,"N","Yes",NA,"SM"
"915","S4","DAVE","RES",15,"ANGE",13.45,"N","Yes",NA,"SM"
"916","S4","DAVE","RES",15,"SOSP",5.6466,"N",NA,NA,"SN"
"917","S4","DAVE","RES",11,"SCSC",2.9579,"N","Yes",NA,"SM"
"918","S4","DAVE","RES",13,"SCSC",22.29,"N","Yes",NA,"SM"
"919","S4","DAVE","RES",11,"RHCA",0.4154,"E",NA,"I","SI"
"920","S4","DAVE","RES",11,"SONU",0.5906,"N","Yes",NA,"SM"
"921","S4","DAVE","RES",15,"FERU",21.68,"E",NA,NA,"SE"
"922","S4","DAVE","RES",15,"RABI",0.2172,"N","Yes",NA,"SM"
"923","S4","DAVE","RES",11,"ECCR",11.69,"E",NA,NA,"SE"
"924","S4","DAVE","RES",13,"CAREX",2.7233,NA,NA,NA,"U"
"925","S4","DAVE","RES",11,"ACSA",0.1882,"N",NA,NA,"SN"
"926","S4","DAVE","RES",11,"CIAR",0.2286,"E",NA,"I","SI"
"927","S4","DAVE","RES",11,"DACA",0.1061,"E",NA,"I","SI"
"928","S4","DAVE","RES",11,"VIRO",0.1471,"E",NA,"I","SI"
"929","S4","DAVE","RES",13,"SCSC",31.49,"N","Yes",NA,"SM"
"930","S4","DAVE","RES",11,"PEGL",1.6215,"E",NA,NA,"SE"
"931","S4","DAVE","RES",15,"HEHE",0.4675,"N","Yes",NA,"SM"
"932","S4","DAVE","RES",13,"SCSC",31.494,"N","Yes",NA,"SM"
"933","S4","DAVE","RES",11,"COSE",18.7,"N",NA,NA,"SN"
"934","S4","DAVE","RES",13,"VIRO",0.0605,"E",NA,"I","SI"
"935","S4","DAVE","RES",11,"SOSP",0.0671,"N",NA,NA,"SN"
"936","S4","DAVE","RES",13,"SOAR",0.0197,"E",NA,NA,"SE"
"937","S4","DAVE","RES",13,"RHCA",0.2018,"E",NA,"I","SI"
"938","S4","DAVE","RES",15,"ASSY",5.32,"N","No",NA,"SN"
"939","S4","DAVE","RES",13,"FERU",61.894,"E",NA,NA,"SE"
"940","S4","DAVE","RES",15,"ANGE",172.244,"N","Yes",NA,"SM"
"941","S4","DAVE","RES",13,"PAVI",83.724,"N","Yes",NA,"SM"
"942","S4","DAVE","RES",5,"ANGE",152.364,"N","Yes",NA,"SM"
"943","S4","DAVE","RES",11,"FERU",3.8545,"E",NA,NA,"SE"
"944","S4","DAVE","RES",11,"HEHE",202.734,"N","Yes",NA,"SM"
"945","S4","DAVE","RES",5,"ANGE",186.664,"N","Yes",NA,"SM"
"946","S4","DAVE","RES",5,"ANGE",179.214,"N","Yes",NA,"SM"
"947","S4","DAVE","RES",11,"CELO",4.42,"N",NA,NA,"SN"
"948","S4","DAVE","RES",13,"HEHE",2.8026,"N","Yes",NA,"SM"
"949","S4","DAVE","RES",13,"RHCA",0.1844,"E",NA,"I","SI"
"950","S4","DAVE","RES",5,"ASSY",0.5281,"N","No",NA,"SN"
"951","S4","DAVE","RES",5,"FERU",44.214,"E",NA,NA,"SE"
"952","S4","DAVE","RES",15,"ANGE",93.77,"N","Yes",NA,"SM"
"953","S4","DAVE","RES",15,"ANGE",155.35,"N","Yes",NA,"SM"
"954","S4","DAVE","RES",5,"DECA",150.614,"N","Yes",NA,"SM"
"955","S4","DAVE","RES",11,"ANGE",36.02,"N","Yes",NA,"SM"
"956","S4","DAVE","RES",13,"SCSC",38.92,"N","Yes",NA,"SM"
"957","S4","DAVE","RES",13,"CAREX",12.21,NA,NA,NA,"U"
"958","S4","DAVE","RES",11,"RABI",12.53,"N","Yes",NA,"SM"
"959","S4","DAVE","RES",1,"ANGE",166.97,"N","Yes",NA,"SM"
"960","S4","DAVE","RES",15,"ANGE",65.014,"N","Yes",NA,"SM"
"961","S4","DAVE","RES",5,"ANGE",18.46,"N","Yes",NA,"SM"
"962","S4","DAVE","RES",13,"SP37",0.0036,NA,NA,NA,"U"
"963","S4","DAVE","RES",13,"DACA",0.0121,"E",NA,"I","SI"
"964","S4","DAVE","RES",5,"VICR",0.7187,"E",NA,"I","SI"
"965","S4","DAVE","RES",5,"DACA",0.0373,"E",NA,"I","SI"
"966","S4","DAVE","RES",11,"RABI",0.0784,"N","Yes",NA,"SM"
"967","S4","DAVE","RES",5,"VIRO",0.018,"E",NA,"I","SI"
"968","S4","DAVE","RES",15,"VIRO",0.1336,"E",NA,"I","SI"
"969","S4","DAVE","RES",13,"CIAR",0.1066,"E",NA,"I","SI"
"970","S4","DAVE","RES",5,"SOSP",0.0462,"N",NA,NA,"SN"
"971","S4","DAVE","RES",11,"CAREX",0.1978,NA,NA,NA,"U"
"972","S4","DAVE","RES",5,"CIAR",0.3125,"E",NA,"I","SI"
"973","S4","DAVE","RES",15,"MOFI",0.0443,"N","Yes",NA,"SM"
"974","S4","DAVE","RES",5,"TAOF",0.0555,"E",NA,"I","SI"
"975","S4","DAVE","RES",23,"SIPE",2.54,"N","Yes",NA,"SM"
"976","S4","DAVE","RES",3,"MOFI",0.2386,"N","Yes",NA,"SM"
"977","S4","DAVE","RES",3,"TAOF",0.9262,"E",NA,"I","SI"
"978","S4","DAVE","RES",3,"DACA",0.1836,"E",NA,"I","SI"
"979","S4","DAVE","RES",23,"SCSC",0.5228,"N","Yes",NA,"SM"
"980","S4","DAVE","RES",1,"FERU",50.08,"E",NA,NA,"SE"
"981","S4","DAVE","RES",1,"DACA",0.0019,"E",NA,"I","SI"
"982","S4","DAVE","RES",1,"SIPE",0.1954,"N","Yes",NA,"SM"
"983","S4","DAVE","RES",1,"OEBI",0.0478,"N","Yes",NA,"SM"
"984","S4","DAVE","RES",23,"LIVU",0.47,"E",NA,"I","SI"
"985","S4","DAVE","RES",23,"FERU",27.78,"E",NA,NA,"SE"
"986","S4","DAVE","RES",23,"ASSY",8.12,"N","No",NA,"SN"
"987","S4","DAVE","RES",25,"SONU",1.93,"N","Yes",NA,"SM"
"988","S4","DAVE","RES",25,"FERU",38.92,"E",NA,NA,"SE"
"989","S4","DAVE","RES",23,"MOFI",1.75,"N","Yes",NA,"SM"
"990","S4","DAVE","RES",23,"SOSP",71.164,"N",NA,NA,"SN"
"991","S4","DAVE","RES",1,"HEGI",0.368,"N","Yes",NA,"SM"
"992","S4","DAVE","RES",25,"HEHE",4.71,"N","Yes",NA,"SM"
"993","S4","DAVE","RES",25,"PAVI",3.39,"N","Yes",NA,"SM"
"994","S4","DAVE","RES",25,"ANGE",18.72,"N","Yes",NA,"SM"
"995","S4","DAVE","RES",1,"SOSP",86.154,"N",NA,NA,"SN"
"996","S4","DAVE","RES",3,"ANGE",158.744,"N","Yes",NA,"SM"
"997","S4","DAVE","RES",1,"SOSP",151.294,"N",NA,NA,"SN"
"998","S4","DAVE","RES",1,"ASSY",22.704,"N","No",NA,"SN"
"999","S4","DAVE","RES",3,"VIRO",1.5128,"E",NA,"I","SI"
"1000","S4","DAVE","RES",3,"CIAR",12.31,"E",NA,"I","SI"
"1001","S4","DAVE","RES",3,"TRPR",0.0077,"E",NA,"I","SI"
"1002","S4","DAVE","RES",3,"OXST",0.0062,"N",NA,NA,"SN"
"1003","S4","DAVE","RES",1,"ANGE",6.62,"N","Yes",NA,"SM"
"1004","S4","DAVE","RES",3,"ANGE",2.51,"N","Yes",NA,"SM"
"1005","S4","DAVE","RES",1,"VIRO",0.0357,"E",NA,"I","SI"
"1006","S4","DAVE","RES",1,"MOFI",1.78,"N","Yes",NA,"SM"
"1007","S4","DAVE","RES",1,"TAOF",0.1666,"E",NA,"I","SI"
"1008","S4","DAVE","RES",1,"CIAR",2.8,"E",NA,"I","SI"
"1009","S4","DAVE","RES",21,"SONU",34.374,"N","Yes",NA,"SM"
"1010","S4","DAVE","RES",1,"SONU",2.6,"N","Yes",NA,"SM"
"1011","S4","DAVE","RES",1,"PAVI",0.3989,"N","Yes",NA,"SM"
"1012","S4","DAVE","RES",3,"SOSP",131.604,"N",NA,NA,"SN"
"1013","S4","DAVE","RES",23,"SP38",0.063,NA,NA,NA,"U"
"1014","S4","DAVE","RES",25,"MOFI",0.0916,"N","Yes",NA,"SM"
"1015","S4","DAVE","RES",25,"TAOF",0.0376,"E",NA,"I","SI"
"1016","S4","DAVE","RES",23,"SP39",0.0098,NA,NA,NA,"U"
"1017","S4","DAVE","RES",3,"PAVI",132.654,"N","Yes",NA,"SM"
"1018","S4","DAVE","RES",25,"SCSC",47.684,"N","Yes",NA,"SM"
"1019","S4","DAVE","RES",23,"ANGE",109.384,"N","Yes",NA,"SM"
"1020","S4","DAVE","RES",1,"ANGE",119.564,"N","Yes",NA,"SM"
"1021","S4","DAVE","RES",1,"SOSP",152.644,"N",NA,NA,"SN"
"1022","S4","DAVE","RES",23,"SOSP",102.544,"N",NA,NA,"SN"
"1023","S4","DAVE","RES",3,"FERU",74.39,"E",NA,NA,"SE"
"1024","S4","DAVE","RES",21,"FERU",29.23,"E",NA,NA,"SE"
"1025","S4","DAVE","RES",21,"ASSY",1.5694,"N","No",NA,"SN"
"1026","S4","DAVE","RES",21,"PAVI",4.15,"N","Yes",NA,"SM"
"1027","S4","DAVE","RES",21,"HEHE",0.1657,"N","Yes",NA,"SM"
"1028","S4","DAVE","RES",21,"SOSP",0.2436,"N",NA,NA,"SN"
"1029","S4","DAVE","RES",23,"MOFI",0.0314,"N","Yes",NA,"SM"
"1030","S4","DAVE","RES",23,"VIRO",0.0122,"E",NA,"I","SI"
"1031","S4","DAVE","RES",23,"LIVU",0.0808,"E",NA,"I","SI"
"1032","S4","DAVE","RES",21,"VIRO",3.71,"E",NA,"I","SI"
"1033","S4","DAVE","RES",21,"VICR",0.8047,"E",NA,"I","SI"
"1034","S4","DAVE","RES",3,"HEHE",83.134,"N","Yes",NA,"SM"
"1035","S4","DAVE","RES",3,"ASSY",15.904,"N","No",NA,"SN"
"1036","S4","DAVE","RES",21,"MOFI",78.514,"N","Yes",NA,"SM"
"1037","S4","DAVE","RES",21,"ANGE",142.814,"N","Yes",NA,"SM"
"1038","S4","DAVE","RES",21,"ANGE",183.194,"N","Yes",NA,"SM"
"1039","S4","DAVE","RES",21,"ANGE",152.804,"N","Yes",NA,"SM"
"1040","S4","DAVE","RES",21,"ANGE",35.684,"N","Yes",NA,"SM"
